{"0": 0.9741623355494899, "0.01227184630308513": 1.1109897812251537, "0.02454369260617026": 0.9572785616406662, "0.03681553890925539": 1.053050712605621, "0.04908738521234052": 0.9913272094149145, "0.06135923151542565": 1.166415362899828, "0.07363107781851078": 0.9966773022580743, "0.0859029241215959": 1.0519105724666502, "0.09817477042468103": 1.1961671766949158, "0.11044661672776616": 1.423004825849621, "0.1227184630308513": 1.30310561023797, "0.1349903093339364": 1.143739686818962, "0.14726215563702155": 1.0345411922779155, "0.1595340019401067": 0.8520219650626522, "0.17180584824319184": 1.3557886013465963, "0.18407769454627698": 0.8162530274242937, "0.19634954084936213": 0.9310364505164015, "0.20862138715244727": 1.9591533913706272, "0.2208932334555324": 0.8636120954464781, "0.23316507975861755": 0.8532346526721115, "0.2454369260617027": 0.842436635780932, "0.25770877236478784": 0.8677599137859205, "0.269980618667873": 1.5673650008355184, "0.28225246497095813": 0.844017189056923, "0.29452431127404327": 0.9716379147470914, "0.3067961575771284": 0.994930779739773, "0.31906800388021356": 1.2720158337332976, "0.3313398501832987": 1.3670750926835278, "0.34361169648638384": 1.8870280653346976, "0.355883542789469": 1.4152395389039467, "0.36815538909255413": 1.070862477356746, "0.3804272353956393": 1.7572345298522172, "0.3926990816987244": 1.7979251072736426, "0.40497092800180956": 1.2911772824662977, "0.4172427743048947": 1.726936446906468, "0.441786466911065": 1.3377960231504002, "0.45405831321415013": 1.4200316240372794, "0.4663301595172353": 1.2333119567832482, "0.4786020058203204": 1.679534161974631, "0.5031456984264907": 1.1295479495089618, "0.5154175447295758": 1.3337194657021825, "0.5276893910326609": 1.3178658719757756, "0.539961237335746": 1.50101754993242, "0.6013204688511714": 1.5344001510635523, "0.6504078540635118": 1.2751546097313813, "0.687223392972767": 1.6204097815059981, "0.7117670855789372": 1.493616612987949, "0.8835729338221284": 1.375397974429121, "0.8958447801252135": 1.3811006253866591, "0.9081166264282986": 1.685128710452528, "1.092194320974575": 1.5417853403964747, "1.1044661672776601": 1.5257635923406188, "1.1167380135807452": 1.2433398040042902, "1.1290098598838303": 1.490078557518289, "1.1412817061869154": 1.2682534371307348, "1.1535535524900005": 1.1693808784846471, "1.1658253987930856": 1.9859308206270736, "1.1780972450961706": 1.715098265168993, "1.1903690913992557": 1.4878903117447564, "1.2026409377023408": 1.4030286769446112, "1.2517283229146812": 1.546143760916034, "1.2640001692177663": 0.9330208708095803, "1.2762720155208513": 1.2025300071145077, "1.2885438618239364": 1.5139325013703708, "1.3008157081270215": 1.2063273226663322, "1.3130875544301066": 0.7684277124404363, "1.3253594007331917": 0.6793326612877029, "1.3499030933393619": 0.806810340237196, "1.362174939642447": 0.8308303408885424, "1.374446785945532": 0.8807909697917371, "1.3867186322486171": 1.0860443196491498, "1.3989904785517022": 0.937842331387019, "1.4112623248547873": 0.8538063015526963, "1.4235341711578724": 0.8628831898206832, "1.4358060174609575": 0.9149701510187553, "1.4480778637640426": 1.0121672204307508, "1.4603497100671277": 1.2256895575362625, "1.4726215563702127": 1.726109383710905, "1.4848934026732978": 1.266971578850205, "1.497165248976383": 1.39804263806611, "1.509437095279468": 1.4014872496414807, "1.521708941582553": 1.0755888478294031, "1.5339807878856382": 0.949689089603192, "1.5462526341887233": 0.8832322182426822, "1.5585244804918084": 0.8522913117030851, "1.5707963267948934": 0.8621474031853789, "1.5830681730979785": 0.987579032259665, "1.5953400194010636": 1.0574534366569035, "1.6076118657041487": 0.8855797903248549, "1.6198837120072338": 0.8886286501058389, "1.6321555583103189": 0.7939524857326626, "1.644427404613404": 0.8488306005967061, "1.656699250916489": 0.8024387044280118, "1.6689710972195742": 0.7994345340627929, "1.6812429435226592": 0.8656903853204122, "1.6935147898257443": 0.7754038722128537, "1.7057866361288294": 0.7162584512812276, "1.7180584824319145": 0.9056672323951163, "1.7303303287349996": 1.1974881026563216, "1.7426021750380847": 1.1038601859694022, "1.7548740213411698": 1.2170103835474853, "1.7671458676442549": 1.0750427539937208, "1.77941771394734": 1.0906194131697495, "1.791689560250425": 1.1923288188248158, "1.8039614065535101": 0.764505528137869, "1.8162332528565952": 0.8676564466387673, "1.8285050991596803": 1.6033729091291753, "2.515728492132445": 1.7716784479115812, "2.5280003384355303": 1.6774115997053958, "2.5402721847386154": 1.9236319335258436, "2.5525440310417005": 1.7916111719118106, "2.5893595699509557": 1.5870677956107655, "2.601631416254041": 1.6084230257467473, "2.613903262557126": 1.8326821948857113, "2.626175108860211": 1.6302609137287125, "2.638446955163296": 1.9491370628736957, "2.650718801466381": 1.5040049514755667, "2.6629906477694663": 1.7349389367307853, "2.6752624940725513": 1.8864435557043013, "2.6998061866787215": 1.259163582841858, "2.7120780329818066": 1.7394106533848581, "2.736621725587977": 1.7954922336676347, "2.748893571891062": 1.5301739473518436, "2.761165418194147": 1.9178689869509928, "2.785709110800317": 1.5517775325941903, "2.797980957103402": 1.8101051476667354, "2.8102528034064873": 1.6350462356053819, "2.8225246497095724": 1.5249067370650622, "2.8347964960126575": 1.5280682305187374, "2.8470683423157426": 1.075377567453196, "2.8593401886188277": 1.0229552247758367, "2.8716120349219127": 0.8168786275291476, "2.883883881224998": 0.9312237738026852, "2.896155727528083": 1.1502372978009798, "2.908427573831168": 0.7125572965097657, "2.920699420134253": 1.3250627812138938, "2.932971266437338": 1.0689841492209946, "2.9452431127404233": 1.1194736380307206, "2.9575149590435084": 1.1732413914859106, "2.9697868053465935": 1.1068308348150855, "2.9820586516496785": 1.014562783844439, "2.9943304979527636": 0.9905337408422343, "3.0066023442558487": 1.1121480481231292, "3.018874190558934": 0.9576544074345766, "3.031146036862019": 1.0106756269610457, "3.043417883165104": 1.097971572414137, "3.055689729468189": 0.9358346896598557, "3.067961575771274": 0.9340618740890329, "3.0802334220743592": 0.9461145951188282, "3.0925052683774443": 0.9533967731422707, "3.1047771146805294": 0.9476722567128663, "3.1170489609836145": 0.9358166938818459, "3.1293208072866996": 0.9300527342221498, "3.1415926535897847": 0.9766288827517452, "3.1538644998928698": 1.1308851785540766, "3.166136346195955": 0.9610932822357371, "3.17840819249904": 1.0127100481651667, "3.190680038802125": 1.0086179544080294, "3.20295188510521": 1.047726077085023, "3.215223731408295": 0.9995375662149717, "3.2274955777113803": 1.129283479596809, "3.2397674240144654": 1.3258673947790456, "3.2520392703175505": 1.1368404252531896, "3.2643111166206356": 1.171043188340673, "3.2888548092268057": 1.0065456138113604, "3.301126655529891": 0.9724308557744236, "3.313398501832976": 0.9104604126698941, "3.325670348136061": 1.1277263775353892, "3.337942194439146": 0.8715163449181598, "3.350214040742231": 0.9832112398370436, "3.3624858870453163": 0.7924517559886353, "3.3747577333484013": 0.6798520596695042, "3.3870295796514864": 0.8590675982584774, "3.3993014259545715": 0.9082167573644272, "3.4115732722576566": 0.8951379529505257, "3.4238451185607417": 0.8515973087485192, "3.436116964863827": 0.9085137085475228, "3.448388811166912": 0.9217160167609335, "3.460660657469997": 1.1116046386232727, "3.472932503773082": 1.1355636758761116, "3.485204350076167": 1.8214022475825937, "3.4974761963792522": 1.3090448624975914, "3.5220198889854224": 1.3639609084935844, "3.5342917352885075": 1.6091137977368772, "3.5465635815915926": 1.295384071971304, "3.5588354278946777": 1.8925107127351417, "3.5711072741977627": 1.4085167000423267, "3.583379120500848": 1.3565311684661034, "3.595650966803933": 1.6161100579474024, "3.607922813107018": 1.560241349699393, "3.620194659410103": 1.3863696040790339, "3.632466505713188": 1.1848101893649152,