{"0": 1.7968733130896226, "0.01227184630308513": 0.8433116820037189, "0.02454369260617026": 1.057096063074516, "0.03681553890925539": 0.7961458290340274, "0.04908738521234052": 1.0435330887982786, "0.06135923151542565": 0.9112798427979107, "0.07363107781851078": 0.8118294190474491, "0.0859029241215959": 1.5339988197871997, "0.09817477042468103": 0.8767698438070327, "0.11044661672776616": 0.8705937520949668, "0.1227184630308513": 0.9639190190045496, "0.1349903093339364": 0.8620402480411543, "0.14726215563702155": 0.9723038096572256, "0.1595340019401067": 0.9294321658271053, "0.18407769454627698": 1.227798510517608, "0.20862138715244727": 0.898629294814239, "0.2208932334555324": 0.9781791179696835, "0.23316507975861755": 1.0778754833457556, "0.2454369260617027": 1.1491314254694027, "0.25770877236478784": 1.141497727248125, "0.269980618667873": 0.8334724874834594, "0.28225246497095813": 0.9007048140229157, "0.29452431127404327": 0.7972443369625861, "0.3067961575771284": 0.8623374924259911, "0.31906800388021356": 1.4057252102954403, "0.3313398501832987": 0.7390860260543253, "0.34361169648638384": 1.3333222248803844, "0.355883542789469": 0.635379855355994, "0.36815538909255413": 0.8779792873775442, "0.3804272353956393": 0.7109501059385079, "0.3926990816987244": 1.0778687617505622, "0.40497092800180956": 0.9452793378519618, "0.4172427743048947": 0.9513970385695767, "0.42951462060797985": 1.3002108056202613, "0.441786466911065": 1.1794354462713605, "0.45405831321415013": 0.6857028591690766, "0.4663301595172353": 0.8704978608874003, "0.4786020058203204": 0.8627555561448674, "0.49087385212340556": 0.6891846662684148, "0.5031456984264907": 0.8819602383619723, "0.5154175447295758": 0.8374734895826895, "0.5276893910326609": 0.8480342396105262, "0.539961237335746": 0.8764136104715015, "0.5522330836388311": 0.9057417793552577, "0.5645049299419161": 0.9357581759252973, "0.5767767762450012": 0.7611154451265254, "0.5890486225480863": 1.5325660626164597, "0.6013204688511714": 0.7444885761345901, "0.6135923151542565": 1.0114444910345581, "0.6258641614573416": 1.1742762571572651, "0.6381360077604267": 0.8149466987406638, "0.6504078540635118": 1.0647248540820349, "0.6626797003665968": 0.9699610192235352, "0.6749515466696819": 1.0411546671486307, "0.687223392972767": 0.6351723711184032, "0.6994952392758521": 1.3297715701502817, "0.7117670855789372": 1.7053553178611456, "0.7240389318820223": 1.9920359725690908, "0.8344855486097881": 1.7104784542280884, "0.8467573949128732": 0.802762846113735, "0.8590292412159583": 0.6603279726380379, "0.8835729338221284": 0.8402699177157408, "0.8958447801252135": 0.7615715557660698, "0.9081166264282986": 0.8103935671264598, "0.9203884727313837": 0.8733715160222274, "0.9326603190344688": 0.8419720400774487, "0.9449321653375539": 1.088886900499558, "0.957204011640639": 0.7978087697661987, "0.969475857943724": 0.7589469622264666, "0.9817477042468091": 0.700285721228998, "0.9940195505498942": 0.8377020725572711, "1.0062913968529794": 0.724545558447199, "1.0308350894591496": 1.6946589833545374, "1.0431069357622347": 0.7852606086748205, "1.0553787820653198": 0.8090108934122663, "1.0676506283684049": 1.2061581216723336, "1.07992247467149": 0.9159976585572936, "1.092194320974575": 0.8330864849259237, "1.1044661672776601": 0.8206655798003472, "1.1167380135807452": 0.8181400853895474, "1.1290098598838303": 1.1924002653635077, "1.1412817061869154": 1.2439811191507297, "1.1535535524900005": 0.888251226183202, "1.1658253987930856": 0.9332790015646001, "1.1780972450961706": 1.3117627400486156, "1.1903690913992557": 0.8483473755058786, "1.2026409377023408": 1.0516936473091794, "1.214912784005426": 0.8196167750528409, "1.227184630308511": 1.1524092508141182, "1.239456476611596": 0.8395869681732319, "1.2517283229146812": 0.7922116303245043, "1.2640001692177663": 0.9942314735177142, "1.2762720155208513": 0.8298808937820189, "1.2885438618239364": 0.7375540293820703, "1.3008157081270215": 0.947165956066311, "1.3130875544301066": 1.5543180219559203, "1.3253594007331917": 1.5150947589623893, "1.3376312470362768": 1.497608176158997, "1.3499030933393619": 1.4590242675039404, "1.362174939642447": 1.4312554279457397, "1.374446785945532": 0.8603265382855456, "1.3867186322486171": 0.8604011448989144, "1.3989904785517022": 0.8603936740687321, "1.4112623248547873": 0.8602684882332078, "1.4235341711578724": 0.8601933401697631, "1.4358060174609575": 0.8600564421438723, "1.4480778637640426": 0.8597715848586198, "1.4603497100671277": 0.8592220112481282, "1.4726215563702127": 0.8598426539626683, "1.4848934026732978": 1.3945269771040154, "1.497165248976383": 1.4022661374073047, "1.509437095279468": 1.403330695305209, "1.521708941582553": 1.3968277227334345, "1.5339807878856382": 1.3947328241618637, "1.5462526341887233": 1.3846561138881004, "1.5585244804918084": 1.3661287320041315, "1.5707963267948934": 1.3529639508462388, "1.5830681730979785": 1.331765197252782, "1.5953400194010636": 1.305031262366226, "1.6076118657041487": 1.2714973896406896, "1.6198837120072338": 0.8394420199198083, "1.6321555583103189": 0.8385360527208354, "1.644427404613404": 0.8383105354357254, "1.656699250916489": 0.8392078631315368, "1.6689710972195742": 0.8429549424634497, "1.6812429435226592": 0.8621505238096325, "1.6935147898257443": 1.1544236007507889, "1.7057866361288294": 1.3548667170215023, "1.7180584824319145": 0.7231142783130054, "1.7303303287349996": 0.7333755034847709, "1.7426021750380847": 0.6412124823961851, "1.7548740213411698": 0.5612619561371849, "1.7671458676442549": 0.8704330992693725, "1.77941771394734": 0.6862384132641528, "1.791689560250425": 0.6485393396503474, "1.8039614065535101": 0.638255362371612, "1.8162332528565952": 0.6418751512546124, "1.8285050991596803": 0.6526658342211366, "1.8407769454627654": 0.6783909109481507, "1.8653206380689356": 0.7196285466779945, "1.8775924843720206": 0.7225068257311215, "1.8898643306751057": 0.7512564935556778, "1.9021361769781908": 0.8142379553697752, "1.914408023281276": 0.9370294449836314, "1.926679869584361": 1.1859664903803118, "1.938951715887446": 0.9118346029268748, "1.9512235621905312": 0.85894919106807, "1.9634954084936163": 1.0721639599753108, "1.9757672547967013": 1.0093480632860938, "1.9880391010997864": 0.9302786415214758, "2.0003109474028715": 0.8401713508414026, "2.0125827937059566": 0.8143976509330818, "2.0248546400090417": 0.7362319240977185, "2.037126486312127": 0.8946016088498966, "2.049398332615212": 0.6915581405265528, "2.061670178918297": 1.0047347371836843, "2.073942025221382": 0.8966912007136951, "2.086213871524467": 1.0368937512703769, "2.098485717827552": 1.0990478704307542, "2.1107575641306373": 0.5932814399892, "2.1230294104337224": 0.8821828707931358, "2.1353012567368075": 0.7396971247961281, "2.1475731030398926": 0.8930293548172245, "2.1598449493429777": 0.939869667243604, "2.1721167956460627": 0.984068610365626, "2.184388641949148": 0.7865821041427009, "2.196660488252233": 0.8724819366746619, "2.208932334555318": 1.1879612114508442, "2.221204180858403": 0.9441606650902901, "2.233476027161488": 0.7165852453952355, "2.2457478734645733": 1.1664841905556276, "2.2580197197676584": 1.3633203108030225, "2.2702915660707434": 1.6195305154709652, "2.3930100291015943": 1.3427758704972332, "2.4052818754046794": 1.2542269069496828, "2.4175537217077645": 0.8139811431108906, "2.4298255680108496": 1.2966474258292633, "2.4420974143139347": 0.8591933331449289, "2.4543692606170198": 0.7818570511688011, "2.466641106920105": 1.1841081656033343, "2.47891295322319": 1.1875332040707887, "2.491184799526275": 0.6670221076527525, "2.515728492132445": 0.8752785591847078, "2.5280003384355303": 0.76347617911368, "2.5402721847386154": 0.7634922705755726, "2.5525440310417005": 0.837391899426556, "2.5648158773447856": 1.0929107664460458, "2.5770877236478706": 0.7418933019595991, "2.5893595699509557": 0.6937798562195898, "2.601631416254041": 0.8456477433900178, "2.613903262557126": 0.8087168587285176, "2.626175108860211": 0.91713763758744,