{"0": 0.7846691585397001, "0.01227184630308513": 0.785037023014252, "0.02454369260617026": 0.7845060519244511, "0.03681553890925539": 1.6212944908713884, "0.04908738521234052": 0.8735099558618997, "0.06135923151542565": 0.6301936058985754, "0.0859029241215959": 0.7906052180430272, "0.09817477042468103": 0.922879998046446, "0.11044661672776616": 1.164184426292415, "0.1227184630308513": 0.7838369771465995, "0.1349903093339364": 1.2443064690926653, "0.14726215563702155": 0.7589019945789136, "0.1595340019401067": 0.77295532447682, "0.17180584824319184": 0.7425311908561156, "0.18407769454627698": 0.795778928428848, "0.19634954084936213": 0.8690952757096522, "0.20862138715244727": 0.8334019936841672, "0.2208932334555324": 0.8507431316145234, "0.23316507975861755": 0.9477989596856353, "0.2454369260617027": 1.2980917721088219, "0.25770877236478784": 1.7555657122169877, "0.269980618667873": 1.2461663526067126, "0.28225246497095813": 1.15691839932856, "0.29452431127404327": 1.054268071246556, "0.3067961575771284": 0.9788397631205868, "0.31906800388021356": 0.9632292028815647, "0.3313398501832987": 0.6430720349483228, "0.34361169648638384": 0.7626008950570179, "0.355883542789469": 0.8204865688510701, "0.36815538909255413": 0.9078837896348839, "0.3804272353956393": 0.8413556522575939, "0.3926990816987244": 0.8659651761109742, "0.40497092800180956": 0.7715932509502414, "0.4172427743048947": 0.7757057383291417, "0.42951462060797985": 0.8884951174180541, "0.441786466911065": 0.8026809907955829, "1.4603497100671277": 1.968360123943984, "1.4726215563702127": 1.3658486279664568, "1.4848934026732978": 1.6057795815274847, "1.497165248976383": 1.517910674181079, "1.521708941582553": 1.26641410620447, "1.5339807878856382": 1.2666343560906435, "1.5462526341887233": 1.1422547065118014, "1.5585244804918084": 0.7872645625086276, "1.5707963267948934": 0.9760011613280077, "1.5830681730979785": 1.20751123322236, "1.5953400194010636": 1.2444112877861218, "1.6076118657041487": 1.3290354976166254, "1.6198837120072338": 1.5127004379888775, "1.6321555583103189": 1.3369403562949687, "1.6689710972195742": 1.993663131180485, "2.748893571891062": 1.366440810258877, "2.761165418194147": 0.8763939183319349, "2.773437264497232": 0.7093329382881276, "2.785709110800317": 0.9680597120205964, "2.797980957103402": 1.1379453672798323, "2.8102528034064873": 0.973732849973719, "2.8225246497095724": 1.0621388693669958, "2.8347964960126575": 0.9035403070415137, "2.8470683423157426": 0.8726973472928853, "2.8593401886188277": 0.841767297433536, "2.8716120349219127": 0.8041849297999711, "2.883883881224998": 0.7565719635553396, "2.896155727528083": 0.9498394306896332, "2.908427573831168": 0.8087048888922711, "2.920699420134253": 0.7002021434091531, "2.932971266437338": 0.765988223499726, "2.9575149590435084": 1.0739281943727577, "2.9697868053465935": 0.8220810184654517, "2.9820586516496785": 0.8095085045525802, "2.9943304979527636": 0.6783137677903096, "3.0066023442558487": 0.7518208732194062, "3.018874190558934": 0.7879259956835577, "3.031146036862019": 0.7936892253375071, "3.043417883165104": 0.7940198830901207, "3.055689729468189": 0.7919295396612904, "3.067961575771274": 0.7866756670499401, "3.0802334220743592": 0.7840110672339992, "3.0925052683774443": 0.7809067114881615, "3.1047771146805294": 0.7800577345088237, "3.1170489609836145": 0.7816689089916861, "3.1293208072866996": 0.7828745136114162, "3.1415926535897847": 0.7843740689764525, "3.1538644998928698": 0.7869773811349672, "3.166136346195955": 0.7844816107742243, "3.17840819249904": 0.8987003895635209, "3.190680038802125": 0.830937238260113, "3.20295188510521": 0.6223467928380265, "3.215223731408295": 0.6958294148453189, "3.2274955777113803": 0.8484067369752607, "3.2397674240144654": 1.17708803651427, "3.2520392703175505": 0.8054036378109417, "3.2643111166206356": 0.7607110115763521, "3.2765829629237206": 1.1016972909281353, "3.2888548092268057": 0.7390086099931419, "3.301126655529891": 0.779646969953866, "3.313398501832976": 0.7411111156053906, "3.325670348136061": 0.9473609152027963, "3.337942194439146": 0.8148342046309899, "3.350214040742231": 0.8162694749357081, "3.3624858870453163": 0.9189901460471084, "3.3747577333484013": 1.129854984426204, "3.3870295796514864": 0.9893822592333027, "3.3993014259545715": 0.9843794376036985, "3.4115732722576566": 1.0261365944238123, "3.4238451185607417": 1.1913628578621975, "3.436116964863827": 1.0778248461640851, "3.448388811166912": 0.8273914403592106, "3.460660657469997": 1.256394193901758, "3.472932503773082": 0.854414246393912, "3.485204350076167": 0.7857265024172007, "3.4974761963792522": 0.8212163204672986, "3.5097480426823373": 0.8621815733220057, "3.5220198889854224": 1.09118906534814, "3.5342917352885075": 0.855384528975666, "3.5465635815915926": 1.0163136942488116, "3.5588354278946777": 0.8685948922875957, "3.5711072741977627": 0.8474753216760368, "3.583379120500848": 1.0853834204968111, "4.589670517353847": 1.6827627086293673, "4.601942363656932": 1.7313676658087538, "4.626486056263103": 1.4336334076051214, "4.638757902566189": 1.1276476566625162, "4.6510297488692744": 0.9472538471501568, "4.66330159517236": 1.142880760803249, "4.6755734414754455": 1.3737091729952435, "4.687845287778531": 0.9602302307348928, "4.700117134081617": 0.8765707541940462, "4.724660826687788": 1.5836355563757296, "4.736932672990873": 0.7573390532041688, "4.749204519293959": 0.7713771791086105, "4.761476365597044": 0.9310578389077425, "4.77374821190013": 1.4851167297626544, "4.786020058203215": 1.2534356606119454, "4.798291904506301": 1.760016049322543, "4.822835597112472": 1.6958915656328122, "5.853670686571657": 1.5780289977107056, "5.878214379177828": 1.2559356423537453, "5.890486225480913": 0.715016757393451, "5.902758071783999": 0.8219465434535623, "5.915029918087084": 0.7297557465125097, "5.92730176439017": 0.7964784850465566, "5.939573610693255": 0.9879593527463291, "5.951845456996341": 1.089212220576177, "5.964117303299426": 0.9252394904519048, "5.976389149602512": 0.9595654648576748, "5.988660995905597": 1.0030521373122514, "6.000932842208683": 0.9177912753938081, "6.0132046885117685": 0.8130000419853372, "6.025476534814854": 0.7522182969117495, "6.0377483811179395": 0.7950664895760702, "6.050020227421025": 0.7746505599767924, "6.062292073724111": 1.0676726741646296, "6.074563920027196": 0.662216533921576, "6.086835766330282": 1.2531057210444585, "6.099107612633367": 0.6357925943931262, "6.111379458936453": 0.7284825280747887, "6.123651305239538": 0.8332439171930607, "6.135923151542624": 0.6932582968933843, "6.148194997845709": 1.1265194014804774, "6.160466844148795": 0.7911393503450614, "6.17273869045188": 0.7938360596823458, "6.185010536754966": 0.7923271804223655, "6.1972823830580515": 0.7890814403474766, "6.209554229361137": 0.7852818508092793, "6.2218260756642225": 0.7802428729524851, "6.234097921967308": 0.7771650681821468, "6.246369768270394": 0.7776867383399427, "6.258641614573479": 0.7806066096557319, "6.270913460876565": 0.7827219766442332}