{"0": 0.6637095724609432, "0.01227184630308513": 0.6909124444917513, "0.02454369260617026": 0.8317976199541378, "0.03681553890925539": 0.6766457714280973, "0.04908738521234052": 0.6897617071134555, "0.06135923151542565": 0.7074935863729406, "0.07363107781851078": 0.8123795368548525, "0.0859029241215959": 1.3513663570319474, "0.09817477042468103": 0.7358044492702194, "0.1227184630308513": 0.8138564253505941, "0.1349903093339364": 0.9035171659875011, "0.14726215563702155": 0.789458390324217, "0.1595340019401067": 0.8288349774421735, "0.17180584824319184": 1.0524711216244695, "0.19634954084936213": 0.8554462307525525, "0.20862138715244727": 0.9765878867181985, "0.2208932334555324": 0.8787306558708339, "0.23316507975861755": 0.969123215940866, "0.25770877236478784": 0.9690827283692076, "0.269980618667873": 1.1151163087180227, "0.28225246497095813": 0.9713281059545402, "0.3067961575771284": 0.9755517469589181, "0.31906800388021356": 1.0564073098880633, "0.3313398501832987": 1.0547529374498292, "0.34361169648638384": 1.026041242358411, "0.355883542789469": 0.714235474965403, "0.36815538909255413": 0.8577838209906022, "0.3804272353956393": 0.6596861332012909, "0.3926990816987244": 0.4561857525277806, "0.40497092800180956": 0.524386306546949, "0.4172427743048947": 1.2197856456677911, "0.42951462060797985": 1.1217255987069086, "0.441786466911065": 1.1670198950584014, "0.45405831321415013": 1.1420731650803084, "0.4663301595172353": 1.1402612387514022, "0.4786020058203204": 0.5706888185078416, "0.49087385212340556": 0.6085727872079844, "0.5031456984264907": 0.728682242153306, "0.5154175447295758": 0.8085502562491749, "0.5276893910326609": 1.0088854342682085, "0.539961237335746": 1.008668028216847, "0.5522330836388311": 0.9012736366760115, "0.5645049299419161": 1.6730560934489562, "0.5767767762450012": 0.5783088254205867, "0.6135923151542565": 0.824598691042836, "0.6258641614573416": 1.909720346143223, "0.6381360077604267": 0.5485819133127245, "0.6504078540635118": 0.8159233247478137, "0.6626797003665968": 1.1870005058084696, "0.6749515466696819": 0.7979992713531627, "0.7117670855789372": 1.1066949217948652, "0.7240389318820223": 0.7916183208266078, "0.7363107781851074": 0.7367143721836785, "0.7485826244881925": 0.671826627529014, "0.7608544707912775": 0.6149989335430728, "0.7731263170943626": 0.5948957820821696, "0.7853981633974477": 0.5732541756477348, "0.7976700097005328": 0.5546623842629016, "0.8099418560036179": 1.056443087327851, "0.822213702306703": 0.7460265958907254, "0.8344855486097881": 0.7136789313250712, "0.8467573949128732": 0.8281837208501129, "0.8590292412159583": 0.8668092204370604, "0.8713010875190433": 0.8576276282536871, "0.8835729338221284": 0.8536429431458017, "0.8958447801252135": 0.8453633087913849, "0.9081166264282986": 0.8621464993238867, "0.9203884727313837": 0.7074371168233147, "0.9326603190344688": 0.5199753013182706, "0.9449321653375539": 1.0144786989197374, "0.957204011640639": 1.4156651863492802, "0.969475857943724": 1.0893676611073122, "0.9817477042468091": 0.5035885629912936, "0.9940195505498942": 0.5583016173779392, "1.0062913968529794": 1.6427256419850498, "1.0185632431560645": 0.8819195777749579, "1.0308350894591496": 0.6501286032733471, "1.0431069357622347": 0.6214608572441529, "1.0553787820653198": 0.7585294561666395, "1.0676506283684049": 0.8088667430166911, "1.07992247467149": 0.8449193241962489, "1.092194320974575": 0.7930824017821111, "1.1044661672776601": 0.715352697420023, "1.1167380135807452": 1.4178943700195004, "1.1290098598838303": 0.6436203229631343, "1.1412817061869154": 1.8135769478884474, "1.1535535524900005": 0.8183270300060513, "1.1658253987930856": 0.8553131766553879, "1.1903690913992557": 0.8556716076857414, "1.2026409377023408": 0.8553759300753545, "1.214912784005426": 0.850864451431233, "1.227184630308511": 0.8387545047683852, "1.239456476611596": 0.8367804335607869, "1.2517283229146812": 0.9775022859338088, "1.2640001692177663": 0.9768800824899145, "1.2885438618239364": 1.6539524415382423, "1.3008157081270215": 1.104323594848197, "1.3130875544301066": 0.977833309337461, "1.3253594007331917": 1.6571797066179206, "1.3376312470362768": 1.00556940779196, "1.362174939642447": 0.9807849156249921, "1.374446785945532": 0.8434544321894251, "1.3867186322486171": 0.8559699385166588, "1.3989904785517022": 0.8611272600254164, "1.4112623248547873": 0.8619154563079179, "1.4358060174609575": 0.8604566855074323, "1.4480778637640426": 0.8274236761463809, "1.4726215563702127": 0.5947697213549752, "1.4848934026732978": 0.7473723153497863, "1.497165248976383": 0.8967676230786974, "1.509437095279468": 0.8660813642057469, "1.521708941582553": 0.8632758861418987, "1.5339807878856382": 1.473144715120869, "1.5462526341887233": 0.8306722596164908, "1.5585244804918084": 0.7981102835398188, "1.5707963267948934": 0.7364327618494302, "1.5830681730979785": 0.6363518646384708, "1.5953400194010636": 0.6121886516475569, "1.6076118657041487": 0.7799242759450628, "1.6198837120072338": 0.5272259879898672, "1.6321555583103189": 0.6481954763466174, "1.644427404613404": 0.6349430140816767, "1.656699250916489": 0.5133855181236521, "1.6689710972195742": 0.5437994943545933, "1.6812429435226592": 0.5382909908187997, "1.6935147898257443": 1.8821759787488994, "1.7057866361288294": 1.1659555136034565, "1.7180584824319145": 1.0523676165642315, "1.7303303287349996": 1.0213762005404727, "1.7426021750380847": 1.011649843707812, "1.7548740213411698": 1.0240963188801893, "1.7671458676442549": 1.1380515572031145, "1.77941771394734": 1.0049673690379881, "1.791689560250425": 1.002123384247249, "1.8039614065535101": 1.3392160772972248, "1.8162332528565952": 1.03353694101883, "1.8285050991596803": 1.080446526563433, "1.8407769454627654": 0.5716639272669929, "1.8530487917658505": 0.5637978564206816, "1.8653206380689356": 0.5881763659359303, "1.8775924843720206": 0.591406552638624, "1.8898643306751057": 0.597331011760247, "1.9021361769781908": 0.6106423207390448, "1.914408023281276": 0.8927375725848983, "1.926679869584361": 0.6779715820707648, "1.938951715887446": 0.728842105711627, "1.9512235621905312": 0.7978809020200659, "1.9634954084936163": 0.8852056672319301, "1.9757672547967013": 1.1183538646512543, "1.9880391010997864": 0.9384479354396286, "2.0003109474028715": 1.2556773246380337, "2.0125827937059566": 1.817480914557288, "2.0248546400090417": 1.170543039648365, "2.037126486312127": 0.8516416895828306, "2.049398332615212": 0.4099516793670503, "2.061670178918297": 1.1864985487790216, "2.073942025221382": 1.1176181869709825, "2.086213871524467": 1.163375765083417, "2.098485717827552": 0.6293230843637669, "2.1230294104337224": 1.2291759549633654, "2.1353012567368075": 1.060902609515328, "2.1475731030398926": 0.6276664819262765, "2.1598449493429777": 1.0475761773589454, "2.1721167956460627": 0.8236751397782112, "2.184388641949148": 0.5111003142363214, "2.196660488252233": 0.9564618438330545, "2.208932334555318": 0.7580395029699781, "2.221204180858403": 0.6031052425633859, "2.233476027161488": 0.5593968131344816, "2.2457478734645733": 1.991026669114237, "2.2580197197676584": 0.8227439601296921, "2.2702915660707434": 0.8204193309957633, "2.2825634123738285": 1.0952259047773996, "2.2948352586769136": 1.4048608081243523, "2.3071071049799987": 1.6169644192281796, "2.319378951283084": 0.7435246878913169, "2.331650797586169": 0.6382994301806962, "2.343922643889254": 0.8170127726202955, "2.356194490192339": 0.9435712830009231, "2.3807381827985092": 0.9145826399423858, "2.3930100291015943": 0.8984013119366816, "2.4052818754046794": 0.8846039689019887, "2.4175537217077645": 0.9423419296631975, "2.4420974143139347": 1.169094077847864, "2.4543692606170198": 0.8689945615853325, "2.466641106920105": 0.8432419293320897, "2.47891295322319": 0.9007171606628676, "2.491184799526275": 1.3249367532860528, "2.50345664582936": 0.7625878572356815, "2.515728492132445": 0.7870888553781293, "2.5280003384355303": 0.8433628178442131, "2.5402721847386154": 0.8064052513995592,