{"0": 0.6083501143885945, "0.01227184630308513": 0.6102659674631148, "0.02454369260617026": 0.613723241379789, "0.03681553890925539": 0.616492304134602, "0.04908738521234052": 0.6220204177837725, "0.06135923151542565": 0.6342011457332054, "0.07363107781851078": 0.8349713400803255, "0.0859029241215959": 0.6555869157872755, "0.09817477042468103": 0.6552425840395871, "0.11044661672776616": 1.252130182339553, "0.1227184630308513": 0.8124183482427353, "0.1349903093339364": 1.0048758065157497, "0.14726215563702155": 0.7805386851687354, "0.1595340019401067": 1.10288721924743, "0.17180584824319184": 0.6020873441819796, "0.18407769454627698": 1.1757176647944905, "0.19634954084936213": 1.0435600537919356, "0.20862138715244727": 0.8397352015945595, "0.2208932334555324": 1.7108029304757608, "0.23316507975861755": 1.209751835850763, "0.2454369260617027": 0.5122538398416363, "0.25770877236478784": 0.9820839563916754, "0.28225246497095813": 0.9324875570970261, "0.29452431127404327": 0.7711093854633495, "0.3067961575771284": 1.0942969554640467, "0.31906800388021356": 0.8626829219468213, "0.3313398501832987": 1.4840572920267503, "0.3804272353956393": 0.9538273983453052, "0.3926990816987244": 0.8665148705750025, "0.40497092800180956": 0.8598892201475716, "0.4172427743048947": 0.736020640540337, "0.42951462060797985": 0.5319211883659072, "0.441786466911065": 0.5173432799194829, "0.4663301595172353": 0.9372626082506753, "0.4786020058203204": 1.7014458100981769, "0.49087385212340556": 1.5039615582246033, "0.5031456984264907": 0.5837934968209922, "0.5154175447295758": 0.6038634572581603, "0.5276893910326609": 0.8292569094735652, "0.539961237335746": 0.7476178331059197, "0.5522330836388311": 0.918609040817625, "0.5645049299419161": 0.8202757445781026, "0.5767767762450012": 0.8930929362683225, "0.5890486225480863": 1.0110265037886272, "0.6013204688511714": 0.6107416029100283, "0.6135923151542565": 0.8547186985355602, "0.6258641614573416": 0.8350883955715487, "0.6381360077604267": 0.7876948288512257, "0.6504078540635118": 0.6747832775033366, "0.6626797003665968": 0.6146456427383103, "0.6749515466696819": 0.8021459877388437, "0.687223392972767": 0.6654337905310123, "0.6994952392758521": 0.9462574428479897, "0.7117670855789372": 1.4299912829766113, "0.7363107781851074": 1.068815607245568, "0.7485826244881925": 0.9088872373045618, "0.7608544707912775": 0.6706503347781508, "0.7731263170943626": 0.6169971502312449, "0.7853981633974477": 0.5980209203007374, "0.7976700097005328": 0.5862968271572954, "0.8099418560036179": 0.5741457661786405, "0.8344855486097881": 0.6159054296195331, "0.8467573949128732": 0.5883653265520884, "0.8590292412159583": 0.8080657421485747, "0.8713010875190433": 0.6862699522863929, "0.8835729338221284": 0.8609210488712912, "0.8958447801252135": 1.5466830542987156, "0.9081166264282986": 0.9278503988170731, "0.9203884727313837": 0.5441329846439011, "0.9326603190344688": 1.041132922324425, "0.9449321653375539": 0.8277972214114917, "0.957204011640639": 1.6809896170843712, "0.969475857943724": 1.1706275746847186, "0.9817477042468091": 0.5334222020219035, "0.9940195505498942": 0.5084278630339083, "1.0062913968529794": 0.6752090000011347, "1.0185632431560645": 0.8933486074822787, "1.0308350894591496": 0.6639759347794664, "1.0431069357622347": 0.6703755664130683, "1.0553787820653198": 0.751794100529874, "1.0676506283684049": 0.8070253822410964, "1.07992247467149": 0.8429191683244487, "1.092194320974575": 0.8667912433739018, "1.1044661672776601": 0.8049237292465964, "1.1167380135807452": 0.8516898711461616, "1.1290098598838303": 0.8186984515235198, "1.1412817061869154": 0.8574643888366706, "1.1535535524900005": 0.8656203474410891, "1.1658253987930856": 0.8607589631603109, "1.1780972450961706": 0.845419750349017, "1.1903690913992557": 1.4630345255127066, "1.2026409377023408": 0.7343593215575837, "1.214912784005426": 0.8856172590211384, "1.239456476611596": 1.1858765970153489, "1.2517283229146812": 1.2746262045078758, "1.2640001692177663": 1.3148992068008427, "1.2762720155208513": 1.2442060829750174, "1.2885438618239364": 1.1328073115099122, "1.3008157081270215": 0.987942259722561, "1.3130875544301066": 1.170382716247309, "1.362174939642447": 1.56985064695885, "1.374446785945532": 0.9269348596360634, "1.3867186322486171": 1.490253687895901, "1.3989904785517022": 0.7620689794320291, "1.4480778637640426": 0.7268540711564749, "1.4603497100671277": 0.7576529032899788, "1.4848934026732978": 0.8533678164231654, "1.497165248976383": 0.86827224449183, "1.509437095279468": 0.873003125243046, "1.521708941582553": 0.8682178087647406, "1.5339807878856382": 0.8400713737608065, "1.5462526341887233": 0.7649404086038408, "1.5585244804918084": 0.7244699416576111, "1.5707963267948934": 0.8885865311201777, "1.5830681730979785": 0.8627590526110948, "1.5953400194010636": 0.8435855878422921, "1.6076118657041487": 0.8198157048011716, "1.6198837120072338": 0.7893131151696434, "1.6321555583103189": 0.7417684807487716, "1.644427404613404": 0.6735734614924227, "1.656699250916489": 0.7681022179030979, "1.6689710972195742": 0.6847354539608531, "1.6935147898257443": 0.7948768212887054, "1.7057866361288294": 0.6686167431814601, "1.7180584824319145": 0.520879445290063, "1.7303303287349996": 0.9008333419945576, "1.7426021750380847": 0.5602784408056982, "1.7548740213411698": 1.0061639530942725, "1.7671458676442549": 1.1496242333727995, "1.791689560250425": 1.3925579329837912, "1.8039614065535101": 1.4127984878709867, "1.8162332528565952": 1.0462406877686998, "1.8285050991596803": 1.303487166044962, "1.8407769454627654": 1.6063509051240283, "1.8530487917658505": 1.4623916764831002, "1.8653206380689356": 0.9402481873385942, "1.8775924843720206": 0.5793938191436087, "1.8898643306751057": 0.5849078452317594, "1.9021361769781908": 0.5918886395246018, "1.914408023281276": 0.5990097187892347, "1.926679869584361": 0.6049120247258805, "1.938951715887446": 0.6162938949339406, "1.9512235621905312": 1.5061886807694513, "1.9634954084936163": 0.9302586265079502, "1.9757672547967013": 0.806310590782938, "1.9880391010997864": 0.752632046195007, "2.0003109474028715": 0.9564317901494854, "2.0125827937059566": 0.8409621617120357, "2.0248546400090417": 1.7408506421185528, "2.037126486312127": 1.427178236599731, "2.049398332615212": 1.2070556180968268, "2.061670178918297": 0.7655952408909099, "2.073942025221382": 0.8341101866454458, "2.086213871524467": 1.0012697999201003, "2.098485717827552": 1.1531520649630922, "2.1107575641306373": 0.5836730661480505, "2.1230294104337224": 0.7123554648285313, "2.1353012567368075": 0.8144382094612351, "2.1475731030398926": 0.6746360459187568, "2.1598449493429777": 0.6819910341985385, "2.184388641949148": 0.5830577313089231, "2.208932334555318": 0.7846704240519774, "2.221204180858403": 0.8552518756187351, "2.233476027161488": 0.7517140974690812, "2.2457478734645733": 0.5832126986399173, "2.2580197197676584": 0.8049159449863053, "2.2702915660707434": 1.1135124437987993, "2.2825634123738285": 0.8080357664117583, "2.2948352586769136": 0.799151310980615, "2.3071071049799987": 1.4325852061250097, "2.319378951283084": 0.7723309473630715, "2.331650797586169": 0.7272818099949443, "2.343922643889254": 0.7183889932993364, "2.356194490192339": 0.8199262656399966, "2.3807381827985092": 0.82624353014355, "2.3930100291015943": 1.4701474454940142, "2.4052818754046794": 1.2171172557004142, "2.4175537217077645": 0.9036972609783382, "2.4298255680108496": 1.0654727498917267, "2.4420974143139347": 0.7900467007274277, "2.4543692606170198": 0.8285218421743946, "2.47891295322319": 0.8620940386430058, "2.491184799526275": 0.7665668433243589, "2.50345664582936": 1.151424106521374, "2.515728492132445": 0.8407050302723736, "2.5280003384355303": 0.7681058823761819, "2.5402721847386154": 0.7938717019016662, "2.5525440310417005": 0.8831912378890084, "2.5648158773447856": 1.0536964895467071, "2.5770877236478706": 0.680809082641152, "2.5893595699509557": 0.6346286811864198, "2.601631416254041": 0.6885325165149657,