{"0": 0.603746491924548, "0.01227184630308513": 0.6058963302576127, "0.02454369260617026": 0.6086485238752247, "0.03681553890925539": 0.6123770499755867, "0.04908738521234052": 0.6177785737817526, "0.06135923151542565": 0.6307871938856824, "0.07363107781851078": 0.8281626736877206, "0.09817477042468103": 0.7051808738812043, "0.11044661672776616": 0.7080294560221481, "0.1227184630308513": 0.8017602015295907, "0.1349903093339364": 0.8232678138549221, "0.14726215563702155": 0.8867306354863287, "0.1595340019401067": 0.8338105591098859, "0.17180584824319184": 0.5326412537337146, "0.18407769454627698": 1.4248760760273416, "0.19634954084936213": 0.8251793778444151, "0.20862138715244727": 0.5285828770538119, "0.2208932334555324": 0.8667919379026814, "0.23316507975861755": 1.0583324202340663, "0.2454369260617027": 1.3112917559912773, "0.25770877236478784": 0.4536766370712019, "0.28225246497095813": 0.9048195035525594, "0.29452431127404327": 1.3997906314764845, "0.3067961575771284": 1.173162537869918, "0.31906800388021356": 1.1567434582325138, "0.3313398501832987": 1.2460434158720144, "0.34361169648638384": 1.4536034303158463, "0.355883542789469": 1.0258636308775864, "0.36815538909255413": 1.3602899855955706, "0.3804272353956393": 1.022403856706135, "0.40497092800180956": 0.912194023740626, "0.4172427743048947": 0.798524092784032, "0.42951462060797985": 0.7916726447168456, "0.441786466911065": 0.5554566962731529, "0.45405831321415013": 1.4298164047028683, "0.4663301595172353": 1.081776309914477, "0.4786020058203204": 1.2389512773616718, "0.49087385212340556": 1.0199264746708308, "0.5031456984264907": 0.5716085288725261, "0.5154175447295758": 0.5932385071418188, "0.5276893910326609": 0.8201219221954642, "0.539961237335746": 0.74565199209839, "0.5522330836388311": 1.0285482814134863, "0.5767767762450012": 0.8364935716985247, "0.6013204688511714": 0.575087409637487, "0.6258641614573416": 0.9057979195895965, "0.6381360077604267": 0.6803953550849058, "0.6504078540635118": 0.9562387613176457, "0.6626797003665968": 1.3051210616797744, "0.6749515466696819": 0.8277207710475905, "0.687223392972767": 0.655436136454313, "0.6994952392758521": 0.9905433141921001, "0.7117670855789372": 0.9154326559646158, "0.7240389318820223": 0.919326702889535, "0.7363107781851074": 0.8019263676380404, "0.7485826244881925": 0.8961669729981795, "0.7608544707912775": 0.6737955761660228, "0.7731263170943626": 0.6255728315027848, "0.7853981633974477": 0.5966613598458915, "0.7976700097005328": 0.5713075923986753, "0.8099418560036179": 0.5505195066466284, "0.822213702306703": 1.0009095868633768, "0.8344855486097881": 0.735003310312914, "0.8467573949128732": 0.7082049140989995, "0.8590292412159583": 1.3031029479789362, "0.8713010875190433": 0.6113477846674518, "0.8835729338221284": 0.8611969390237496, "0.8958447801252135": 0.8319545421850539, "0.9081166264282986": 0.8554851971028781, "0.9203884727313837": 0.9217317006263641, "0.9326603190344688": 0.7659768715196199, "0.9449321653375539": 1.4220876164519938, "0.957204011640639": 1.1019853290006094, "0.969475857943724": 1.1298745087411406, "0.9817477042468091": 0.5140847801792559, "0.9940195505498942": 0.5122041208633629, "1.0062913968529794": 0.8282609972248787, "1.0185632431560645": 0.8795686769329439, "1.0308350894591496": 0.637815054132874, "1.0431069357622347": 0.6558972637636208, "1.0553787820653198": 0.774356642064061, "1.0676506283684049": 0.8283879591498957, "1.07992247467149": 0.8760383234328557, "1.092194320974575": 0.6859348180265342, "1.1044661672776601": 0.67125795001987, "1.1167380135807452": 0.611750507586816, "1.1290098598838303": 0.7876564126535976, "1.1412817061869154": 0.8512380717798799, "1.1535535524900005": 0.8628715902859173, "1.1658253987930856": 0.8504215769958144, "1.1780972450961706": 0.8343214541897126, "1.1903690913992557": 0.981732820498884, "1.2026409377023408": 1.2258318641437258, "1.239456476611596": 1.0026924550375016, "1.2517283229146812": 0.9776444476566645, "1.2762720155208513": 0.9767661164724634, "1.2885438618239364": 0.9973072177423922, "1.3008157081270215": 1.0278212374276294, "1.3130875544301066": 1.4584649275105044, "1.3253594007331917": 0.9795842544873742, "1.3376312470362768": 0.9861447304156459, "1.3499030933393619": 1.6163147618518847, "1.374446785945532": 1.8320159574695383, "1.3989904785517022": 0.9886468784205531, "1.4112623248547873": 1.719819378597758, "1.4235341711578724": 1.0142065656814527, "1.4358060174609575": 0.9929988748991692, "1.4480778637640426": 1.0178975612187238, "1.4726215563702127": 1.0073844880416296, "1.4848934026732978": 1.000343949191942, "1.497165248976383": 0.8591896004704062, "1.509437095279468": 0.8583280411672498, "1.521708941582553": 0.8479417899317077, "1.5339807878856382": 0.8478585572020696, "1.5585244804918084": 0.8590519845616391, "1.5707963267948934": 0.6757949848106461, "1.5830681730979785": 0.8399580729968116, "1.5953400194010636": 0.8621332536004801, "1.6076118657041487": 1.504489127358988, "1.6198837120072338": 0.8234935687848884, "1.6321555583103189": 0.7855211927527131, "1.644427404613404": 0.6597184964912363, "1.656699250916489": 0.6352802240420209, "1.6689710972195742": 0.9356074839574516, "1.6812429435226592": 0.43117669108994827, "1.6935147898257443": 1.5190881028474568, "1.7057866361288294": 1.6024440962842228, "1.7180584824319145": 0.884111132116416, "1.7303303287349996": 0.5375080445367258, "1.7426021750380847": 0.6573180056132049, "1.7548740213411698": 1.4016527124052431, "1.7671458676442549": 1.0930209414681662, "1.77941771394734": 1.0566801876954992, "1.791689560250425": 1.0452513310769733, "1.8039614065535101": 1.292462968074247, "1.8285050991596803": 1.1865435039022771, "1.8407769454627654": 1.0779921951917721, "1.8530487917658505": 1.0855729872478266, "1.8653206380689356": 1.3970095668178235, "1.8775924843720206": 0.5606692113174002, "1.8898643306751057": 0.5612830946300095, "1.9021361769781908": 0.5877592261838449, "1.914408023281276": 0.5882715018392077, "1.926679869584361": 0.5941012275902496, "1.938951715887446": 0.6100427219630843, "1.9512235621905312": 1.6514934769758685, "1.9634954084936163": 0.6949745782840295, "1.9757672547967013": 0.7380885522060345, "1.9880391010997864": 0.8010103770844431, "2.0003109474028715": 0.872900653546543, "2.0125827937059566": 1.3902662730161794, "2.037126486312127": 1.0961528393573494, "2.049398332615212": 1.362766126625248, "2.061670178918297": 0.7412347511105346, "2.073942025221382": 0.6097131782697854, "2.086213871524467": 1.210579341946963, "2.098485717827552": 1.2438341972409332, "2.1107575641306373": 1.3382847049143582, "2.1230294104337224": 1.2103503616220268, "2.1475731030398926": 0.8810671194437645, "2.1598449493429777": 0.6047448598280364, "2.1721167956460627": 0.9433187186743448, "2.184388641949148": 0.5961990246527142, "2.196660488252233": 1.0095253477874448, "2.221204180858403": 0.8068973469811969, "2.233476027161488": 0.6832158079956141, "2.2457478734645733": 0.581456893900194, "2.2580197197676584": 0.8023455912528445, "2.2702915660707434": 0.9100301484266033, "2.2825634123738285": 0.8196321940500275, "2.2948352586769136": 1.1584578085450148, "2.3071071049799987": 1.0644597172413919, "2.319378951283084": 0.8122963764607936, "2.331650797586169": 0.8553547069089871, "2.343922643889254": 0.792048022073861, "2.356194490192339": 0.8264179810673935, "2.368466336495424": 1.8003025011359348, "2.3807381827985092": 1.1682406384645319, "2.3930100291015943": 1.0604968561737973, "2.4052818754046794": 1.0349142509299185, "2.4175537217077645": 1.020137617460357, "2.4298255680108496": 0.8694189495458624, "2.4420974143139347": 1.2046575292342434, "2.4543692606170198": 0.8411340292030304, "2.466641106920105": 0.8327796399396518, "2.47891295322319": 0.8080453586313678, "2.50345664582936": 0.7864200649284822, "2.515728492132445": 0.895390825793105, "2.5280003384355303": 0.7789376197201431, "2.5402721847386154": 0.7723720906447755, "2.5525440310417005": 0.7106306096827832, "2.5648158773447856": 0.7439473447025315,