{"0": 0.5832841584810309, "0.01227184630308513": 0.5533862707634476, "0.02454369260617026": 0.5588166330366654, "0.03681553890925539": 0.8867344403641753, "0.04908738521234052": 1.0526549168575847, "0.06135923151542565": 0.37346585304863633, "0.07363107781851078": 1.5802013803256547, "0.0859029241215959": 1.2110534033878193, "0.09817477042468103": 0.9826393771544865, "0.11044661672776616": 0.8416998332533477, "0.1227184630308513": 0.785152525407007, "0.1349903093339364": 0.5454674068156216, "0.14726215563702155": 0.6950880357240887, "0.1595340019401067": 0.6266229478697904, "0.17180584824319184": 0.7798669998044959, "0.18407769454627698": 0.8522153818123017, "0.19634954084936213": 0.7776102259684925, "0.20862138715244727": 0.7757583173531528, "0.29452431127404327": 0.8110959575015992, "0.3067961575771284": 0.7530041113367568, "0.31906800388021356": 0.8310493011303663, "0.3313398501832987": 1.0148921628480847, "0.34361169648638384": 0.7056115138934225, "0.355883542789469": 0.8945962601471892, "0.36815538909255413": 0.6427821697286857, "0.3804272353956393": 0.8692673161669411, "0.3926990816987244": 0.733166286586983, "0.40497092800180956": 0.9653642263110056, "0.4172427743048947": 1.0139000098845101, "0.42951462060797985": 0.9252255011268661, "0.441786466911065": 1.0605828121617613, "0.45405831321415013": 1.1124846185953274, "0.4786020058203204": 0.5152385513928788, "0.49087385212340556": 0.5020644418303737, "0.5031456984264907": 0.4955331126865514, "0.5154175447295758": 0.5039942909502768, "0.5276893910326609": 0.6990260085766071, "0.539961237335746": 1.4146809881596933, "0.5522330836388311": 0.8355217835097628, "0.5645049299419161": 0.4185849091261454, "0.5767767762450012": 0.6176850877361674, "0.5890486225480863": 0.5156449474919454, "0.6013204688511714": 0.6350312447232539, "0.6135923151542565": 0.5941870980374697, "0.6258641614573416": 0.7162007662699971, "0.6381360077604267": 0.7633150084585991, "0.6504078540635118": 0.7957937772139404, "0.6626797003665968": 0.8172495401613077, "0.6749515466696819": 0.8332870495731824, "0.687223392972767": 0.8442999519152073, "0.6994952392758521": 0.8397870049461493, "0.7117670855789372": 0.47229744400197415, "0.7240389318820223": 0.8645876302716525, "0.7363107781851074": 0.8656579995792072, "0.7485826244881925": 0.8632210998779263, "0.7608544707912775": 0.8578714936386191, "0.7731263170943626": 0.8092758560466821, "0.7853981633974477": 0.7750893472238654, "0.7976700097005328": 0.8637556658216463, "0.8099418560036179": 0.8759953661529583, "0.822213702306703": 0.8823272231047569, "0.8344855486097881": 0.8827805992203995, "0.8467573949128732": 0.876147353407462, "0.8590292412159583": 0.8034423579992138, "0.8713010875190433": 0.874043369094214, "0.8835729338221284": 0.864240762900394, "0.8958447801252135": 0.8536101536331598, "0.9081166264282986": 0.8063921389560943, "0.9203884727313837": 0.8707113191419925, "0.9326603190344688": 0.8737587488859976, "0.9449321653375539": 0.87016291773199, "0.957204011640639": 0.8627262251865041, "0.969475857943724": 0.43939553520042474, "0.9817477042468091": 0.8445814300495456, "0.9940195505498942": 0.8559733476579565, "1.0062913968529794": 0.8516721904134864, "1.0185632431560645": 0.830113977552417, "1.0308350894591496": 0.8330718097795596, "1.0431069357622347": 0.8096009378560827, "1.0553787820653198": 0.7862857943332916, "1.0676506283684049": 0.596288903592292, "1.07992247467149": 0.6404953878880203, "1.092194320974575": 0.429838461831827, "1.1044661672776601": 0.7244198175374826, "1.1167380135807452": 0.7669151803254668, "1.1290098598838303": 0.5313291299059932, "1.1412817061869154": 0.5365938480027096, "1.1535535524900005": 1.109939496204616, "1.1658253987930856": 0.8964356449725684, "1.1780972450961706": 1.2682952522287518, "1.1903690913992557": 0.7941276562761341, "1.2026409377023408": 0.8182372581178727, "1.214912784005426": 0.8129799166980618, "1.227184630308511": 0.8287350664666513, "1.239456476611596": 0.8207030576320287, "1.2517283229146812": 0.8259079883222158, "1.2640001692177663": 0.8906052129418552, "1.2762720155208513": 0.8142657102153982, "1.2885438618239364": 0.7539112632172422, "1.3008157081270215": 0.8126976120235521, "1.3130875544301066": 0.8860633498402799, "1.3253594007331917": 0.6048244150798391, "1.3376312470362768": 0.6880747728044132, "1.3499030933393619": 0.5736500506319019, "1.362174939642447": 0.6466152050373455, "1.374446785945532": 0.5941297881027281, "1.3867186322486171": 0.6439124297002561, "1.3989904785517022": 0.6277347580930315, "1.4112623248547873": 0.6878113774487434, "1.4235341711578724": 0.7913705342947666, "1.4358060174609575": 0.9690206084975465, "1.4480778637640426": 0.8288359443810381, "1.4603497100671277": 0.850174138258155, "1.4726215563702127": 0.9238884898076553, "1.4848934026732978": 1.1915760868819552, "1.497165248976383": 0.832920134558458, "1.509437095279468": 0.8883474032931388, "1.521708941582553": 0.7026628477681738, "1.5339807878856382": 0.8423096153772616, "1.5462526341887233": 0.7432300871339752, "1.5707963267948934": 0.5766365689254151, "1.5830681730979785": 0.7475829081288488, "1.5953400194010636": 0.8280543518606435, "1.6076118657041487": 0.8069839687026369, "1.6198837120072338": 0.6492840883518538, "1.6321555583103189": 1.355057710362384, "1.644427404613404": 0.606037553153183, "1.656699250916489": 1.0333891577322822, "1.6689710972195742": 1.2046460129954188, "1.6812429435226592": 0.8206999708072718, "1.6935147898257443": 0.7822685144282397, "1.7057866361288294": 0.6733721000796643, "1.7180584824319145": 0.6813193287556405, "1.7303303287349996": 0.6248877280701335, "1.7426021750380847": 0.5812742334919455, "1.7548740213411698": 0.5389535149264835, "1.7671458676442549": 1.1035076172050868, "1.77941771394734": 0.6457413233679177, "1.791689560250425": 0.8408375453555709, "1.8039614065535101": 0.8428718963563829, "1.8285050991596803": 1.5118454584182321, "1.8407769454627654": 0.9762498618261518, "1.8530487917658505": 1.0667893112912488, "1.8653206380689356": 0.9125153857365544, "1.8775924843720206": 1.0329581461048274, "1.8898643306751057": 1.018428517545928, "1.9021361769781908": 1.0159073408389343, "1.914408023281276": 1.010391133869135, "1.926679869584361": 1.1051723531037032, "1.938951715887446": 0.6437625330234168, "1.9512235621905312": 0.6876710840920882, "1.9634954084936163": 0.8240876974982139, "1.9757672547967013": 0.8607757625647217, "1.9880391010997864": 0.8267317307334195, "2.0003109474028715": 0.8563079668714503, "2.0125827937059566": 0.9338154431707845, "2.0248546400090417": 1.839880154062192, "2.037126486312127": 0.39616197719877255, "2.061670178918297": 0.7552466168405582, "2.073942025221382": 1.600398416045368, "2.086213871524467": 0.789845770065248, "2.098485717827552": 0.8319180641063499, "2.1107575641306373": 0.8251061106929493, "2.1353012567368075": 1.2402836474005048, "2.1475731030398926": 0.8180613506343324, "2.1721167956460627": 0.9820245550926706, "2.184388641949148": 1.0479384116275925, "2.196660488252233": 1.055397683531133, "2.208932334555318": 0.9553518833060536, "2.221204180858403": 0.8725105957915744, "2.233476027161488": 0.793755615217859, "2.2457478734645733": 0.9693526180241155, "2.2580197197676584": 0.9030478411463785, "2.2702915660707434": 0.7764284934174288, "2.2825634123738285": 0.9087949166350168, "2.2948352586769136": 0.7647421161228329, "2.3071071049799987": 0.7292373201853389, "2.319378951283084": 0.5601239318147954, "2.331650797586169": 0.7605112896974151, "2.343922643889254": 0.9558878576230728, "2.356194490192339": 0.6826804460051012, "2.368466336495424": 0.7918226583679938, "2.3807381827985092": 0.6631235094361112, "2.3930100291015943": 0.6771989578962522, "2.4052818754046794": 0.6400727082300955, "2.4175537217077645": 0.8099696760991582, "2.4298255680108496": 0.6419233224177806, "2.4420974143139347": 0.6163162009658758, "2.4543692606170198": 0.6053397190042966, "2.466641106920105": 0.636386151355367, "2.47891295322319": 0.6213433386473454,