{"0": 0.6070837879392947, "0.01227184630308513": 0.6097469435696017, "0.02454369260617026": 0.6133163435506949, "0.03681553890925539": 0.618940660892689, "0.04908738521234052": 0.6322698792880493, "0.06135923151542565": 0.8145470791457075, "0.07363107781851078": 0.7365338447340819, "0.0859029241215959": 0.707289779390806, "0.09817477042468103": 0.7107444037841363, "0.11044661672776616": 0.6712077774299922, "0.1227184630308513": 1.5619919131427913, "0.1349903093339364": 1.2850870492686488, "0.14726215563702155": 1.0675404546498055, "0.1595340019401067": 0.931289640813657, "0.17180584824319184": 0.5954135062249307, "0.18407769454627698": 1.1439320398952342, "0.19634954084936213": 1.0540424100711472, "0.20862138715244727": 0.9384560628596569, "0.2208932334555324": 1.3006685064788106, "0.23316507975861755": 1.5577418570693289, "0.2454369260617027": 0.5684218504395682, "0.25770877236478784": 0.8205626356044186, "0.28225246497095813": 0.8753263961728517, "0.29452431127404327": 1.2055369802226423, "0.34361169648638384": 1.5219902291966636, "0.355883542789469": 0.9742789170800046, "0.3804272353956393": 1.2279146245837709, "0.3926990816987244": 0.7943572477076665, "0.40497092800180956": 0.8631378405983497, "0.4172427743048947": 0.6565312841401898, "0.42951462060797985": 0.5692576856068655, "0.441786466911065": 0.532454283064161, "0.45405831321415013": 1.0659899489482707, "0.4663301595172353": 1.2497075391961934, "0.4786020058203204": 1.089404257514141, "0.49087385212340556": 1.2368267388471947, "0.5031456984264907": 0.5645071748818185, "0.5154175447295758": 0.6016264327513372, "0.5276893910326609": 1.132664714686573, "0.539961237335746": 0.9284942957238692, "0.5645049299419161": 1.0042239934652772, "0.5767767762450012": 0.8412357923635273, "0.5890486225480863": 1.009909970144029, "0.6013204688511714": 0.6487368623446549, "0.6135923151542565": 0.6309206880584701, "0.6258641614573416": 0.7658205819789904, "0.6504078540635118": 0.6197429061510228, "0.6626797003665968": 0.9470710268592379, "0.6749515466696819": 0.8097116785047109, "0.687223392972767": 0.7908177142301256, "0.7117670855789372": 0.8408059618978977, "0.7240389318820223": 0.9893100020668255, "0.7363107781851074": 0.7555744508903092, "0.7485826244881925": 1.1258851093079083, "0.7608544707912775": 0.6444604370696593, "0.7731263170943626": 0.6142030014664142, "0.7853981633974477": 0.5979757875779512, "0.7976700097005328": 0.5702419213645098, "0.8099418560036179": 0.5563901721941491, "0.822213702306703": 0.9144775160637226, "0.8344855486097881": 0.7909528700580989, "0.8467573949128732": 0.47852405966789296, "0.8590292412159583": 0.8268962183275401, "0.8713010875190433": 1.871423153404525, "0.8835729338221284": 0.9392918774509824, "0.8958447801252135": 0.8349075748647409, "0.9081166264282986": 1.024373801341737, "0.9203884727313837": 0.52520054904626, "0.9326603190344688": 0.5968053491996177, "0.957204011640639": 1.0743625209701388, "0.969475857943724": 1.430456319408584, "0.9817477042468091": 0.5091500175866439, "0.9940195505498942": 0.5271121315610402, "1.0062913968529794": 0.8385371769959388, "1.0185632431560645": 0.8880884933980056, "1.0308350894591496": 0.6355541842500484, "1.0431069357622347": 0.6560884131489794, "1.0553787820653198": 0.7762047555855319, "1.0676506283684049": 0.8292071452760597, "1.07992247467149": 0.8484678016561299, "1.092194320974575": 0.8400754515957312, "1.1044661672776601": 0.7185691897062314, "1.1167380135807452": 0.5998659791777259, "1.1290098598838303": 0.7851878587626083, "1.1412817061869154": 0.8292009364710516, "1.1535535524900005": 0.8713591352906788, "1.1658253987930856": 0.8589878090008697, "1.1780972450961706": 0.8435008704565885, "1.1903690913992557": 0.8299415230638666, "1.2026409377023408": 1.1620479892253532, "1.3008157081270215": 0.961737912091725, "1.3130875544301066": 1.1078415001601176, "1.3376312470362768": 0.9715326880236227, "1.3867186322486171": 1.792890037270371, "1.4112623248547873": 1.1188263746874403, "1.4603497100671277": 1.0898303573515165, "1.4726215563702127": 1.0370812338788935, "1.4848934026732978": 0.8597659280251496, "1.497165248976383": 0.8578810453779955, "1.509437095279468": 0.8481579444561542, "1.521708941582553": 0.8468073920219295, "1.5339807878856382": 0.7956220559814219, "1.5462526341887233": 0.5511188494613661, "1.5585244804918084": 0.8516415278522564, "1.5707963267948934": 0.8888521753671995, "1.5830681730979785": 0.8645802844421722, "1.5953400194010636": 0.9627962292945857, "1.6076118657041487": 0.8364306757792854, "1.6198837120072338": 0.7999117145767742, "1.6321555583103189": 0.7318872262098025, "1.644427404613404": 0.6569578430711407, "1.656699250916489": 0.9328378543514673, "1.6689710972195742": 0.45461580206933866, "1.6812429435226592": 0.5920187676041291, "1.6935147898257443": 0.3759867211358866, "1.7057866361288294": 1.1473880595688266, "1.7180584824319145": 0.5345710614703817, "1.7303303287349996": 0.8851221195820664, "1.7426021750380847": 0.5439199716904081, "1.7548740213411698": 1.5443904245933724, "1.7671458676442549": 1.041257246192723, "1.77941771394734": 0.5958513367207202, "1.791689560250425": 1.0465922417331568, "1.8039614065535101": 1.009701368165239, "1.8162332528565952": 1.2639351053150683, "1.8285050991596803": 1.0883983187250676, "1.8407769454627654": 1.0564676444132712, "1.8530487917658505": 1.0325621180703237, "1.8653206380689356": 1.0010414277554793, "1.8775924843720206": 0.5589649781775812, "1.8898643306751057": 0.5876670852696406, "1.9021361769781908": 0.5903897774845258, "1.914408023281276": 0.5939892056748707, "1.926679869584361": 0.6010813853674843, "1.938951715887446": 0.793078070833915, "1.9512235621905312": 1.2213910182741141, "1.9634954084936163": 0.8731717902566773, "1.9757672547967013": 0.807947882716124, "1.9880391010997864": 1.0105285555788632, "2.0003109474028715": 1.0824815671484345, "2.0125827937059566": 0.8378192884394665, "2.0248546400090417": 1.3019713656805993, "2.037126486312127": 1.2151320722166132, "2.049398332615212": 0.9977543253375001, "2.061670178918297": 0.7439350880480184, "2.073942025221382": 0.5085232807365778, "2.086213871524467": 1.1115734885877433, "2.098485717827552": 1.02011444219453, "2.1107575641306373": 0.5693247791915859, "2.1230294104337224": 0.9541592214026652, "2.1475731030398926": 1.2482927199615916, "2.1598449493429777": 1.5439516073461743, "2.1721167956460627": 0.5530369353361066, "2.184388641949148": 1.0420569507486823, "2.196660488252233": 0.822325061785555, "2.208932334555318": 0.8573922767915734, "2.221204180858403": 0.7968502576805743, "2.2457478734645733": 0.558455796626253, "2.2580197197676584": 1.08283597614259, "2.2702915660707434": 0.8138787775682574, "2.2825634123738285": 0.8238724490680607, "2.2948352586769136": 0.9993186377201929, "2.3071071049799987": 1.0597455884901006, "2.331650797586169": 0.7731102401901664, "2.343922643889254": 1.7818106999958891, "2.356194490192339": 0.8130869674372172, "2.368466336495424": 0.9330854056453134, "2.3807381827985092": 0.9264322415063354, "2.3930100291015943": 1.0620412235079781, "2.4052818754046794": 0.8487653142417771, "2.4298255680108496": 0.810148625384984, "2.47891295322319": 1.2455276328234945, "2.491184799526275": 0.8178572770244199, "2.50345664582936": 0.7234993373797229, "2.515728492132445": 0.7006501250879013, "2.5280003384355303": 1.1305103285892384, "2.5402721847386154": 0.9686002219613584, "2.5525440310417005": 0.7559916949138863, "2.5648158773447856": 1.4604354460676294, "2.5770877236478706": 0.6859365011144721, "2.5893595699509557": 0.6691741966589493, "2.601631416254041": 0.9390761720083624, "2.613903262557126": 1.1506974595127824, "2.626175108860211": 0.7955040389058889, "2.638446955163296": 0.6276828001849396, "2.650718801466381": 0.6140162520187734, "2.6629906477694663": 0.6087766466282719, "2.6752624940725513": 0.605566826926795, "2.6875343403756364": 0.6031687837605219, "2.6998061866787215": 0.6013168082715267, "2.7120780329818066": 0.5997800075686341, "2.7243498792848917": 0.6003969423556605,