{"0": 0.6057915652245018, "0.01227184630308513": 0.6081589518452251, "0.02454369260617026": 0.6112296311687111, "0.03681553890925539": 0.6162705905367855, "0.04908738521234052": 0.6221488558240162, "0.06135923151542565": 0.6401084666878711, "0.07363107781851078": 0.8344796856666953, "0.0859029241215959": 0.6692058608772058, "0.09817477042468103": 0.6850616221159657, "0.11044661672776616": 0.7554472737247121, "0.1227184630308513": 0.7158212490133707, "0.1349903093339364": 1.1215039379557332, "0.14726215563702155": 0.8280520424951276, "0.1595340019401067": 0.7213609484249381, "0.17180584824319184": 0.6204246448548472, "0.18407769454627698": 1.1586435271945845, "0.19634954084936213": 1.197157488772295, "0.2208932334555324": 1.1462184937019135, "0.23316507975861755": 1.4403027733189218, "0.2454369260617027": 0.4618769760877195, "0.25770877236478784": 0.9885356843991716, "0.269980618667873": 0.8138242933643354, "0.28225246497095813": 1.1473546292937318, "0.29452431127404327": 0.9427529453386865, "0.3067961575771284": 0.8346991372661865, "0.31906800388021356": 1.3267285485092095, "0.3313398501832987": 0.8514510222806958, "0.34361169648638384": 0.8862817002433889, "0.3804272353956393": 0.8769895231240752, "0.3926990816987244": 0.8489981223585763, "0.40497092800180956": 1.2211131784137987, "0.4172427743048947": 0.7566655299469278, "0.42951462060797985": 0.4222277733133267, "0.441786466911065": 0.5038387672135612, "0.45405831321415013": 1.2777709569497229, "0.4663301595172353": 0.7610136966900422, "0.4786020058203204": 1.494187518092503, "0.49087385212340556": 1.2373025228144814, "0.5031456984264907": 0.5629012062582261, "0.5154175447295758": 0.5990274568229095, "0.5276893910326609": 0.8287122715228409, "0.539961237335746": 0.8979865686740245, "0.5522330836388311": 0.8600551110855458, "0.5767767762450012": 0.907306751926703, "0.5890486225480863": 1.1495901287233257, "0.6013204688511714": 0.6070867462304581, "0.6135923151542565": 0.8497018974837603, "0.6258641614573416": 0.8227051476635192, "0.6381360077604267": 0.7618772155220237, "0.6504078540635118": 0.6705085801810129, "0.6626797003665968": 0.49640660720022395, "0.687223392972767": 0.6818307356107701, "0.6994952392758521": 0.8609030612810694, "0.7117670855789372": 1.4031156007878036, "0.7363107781851074": 1.065077278601554, "0.7485826244881925": 0.7856135491334724, "0.7608544707912775": 0.6745922071997066, "0.7731263170943626": 0.6221567968828565, "0.7853981633974477": 0.5987103370014873, "0.7976700097005328": 0.5701709878306134, "0.8099418560036179": 0.5550946630660311, "0.822213702306703": 1.264308000649467, "0.8344855486097881": 0.7686007884763428, "0.8467573949128732": 0.5082330055938138, "0.8590292412159583": 0.8925876987882393, "0.8713010875190433": 0.6861430851347834, "0.8835729338221284": 0.8876069801662089, "0.8958447801252135": 1.7543163300149394, "0.9081166264282986": 0.8518573281548188, "0.9203884727313837": 0.5274442093243003, "0.9326603190344688": 1.3395681659582857, "0.9449321653375539": 0.8276563643139764, "0.957204011640639": 1.4208091462257597, "0.969475857943724": 1.0267225424862592, "0.9817477042468091": 0.5098642656864572, "0.9940195505498942": 0.5169183693568147, "1.0185632431560645": 0.8824292692169664, "1.0308350894591496": 0.6377181199052897, "1.0431069357622347": 0.6559528977850054, "1.0553787820653198": 0.7811878935473846, "1.0676506283684049": 0.833681022430285, "1.07992247467149": 0.847186102493931, "1.092194320974575": 1.4718711889596612, "1.1044661672776601": 0.8123732141004383, "1.1167380135807452": 0.8652765867635644, "1.1290098598838303": 0.7864900180896757, "1.1412817061869154": 0.8268395626996454, "1.1535535524900005": 0.8661945752109211, "1.1658253987930856": 0.8541261445596211, "1.1780972450961706": 0.8389091182756429, "1.2026409377023408": 0.8605584160901536, "1.214912784005426": 0.9558608630590355, "1.239456476611596": 1.1876118646589393, "1.2517283229146812": 1.260937794905144, "1.2640001692177663": 1.280991336575432, "1.2762720155208513": 1.2308820410369705, "1.2885438618239364": 1.141804499322968, "1.3008157081270215": 1.026666928019904, "1.3130875544301066": 0.8238391479057205, "1.3253594007331917": 0.8213461195191529, "1.362174939642447": 0.829316874309805, "1.374446785945532": 1.5320695711159842, "1.3867186322486171": 0.9522101218910874, "1.3989904785517022": 1.8352832192985467, "1.4112623248547873": 0.9336815224717379, "1.4235341711578724": 1.1868256869795084, "1.4358060174609575": 0.8215131486684072, "1.4480778637640426": 1.0096202474581064, "1.4603497100671277": 1.2931475681634608, "1.4726215563702127": 1.851189881149356, "1.4848934026732978": 0.8472592844809488, "1.497165248976383": 0.8619812284820149, "1.509437095279468": 0.8726539433229764, "1.521708941582553": 0.8606571463260123, "1.5339807878856382": 0.8021086020201964, "1.5462526341887233": 0.6896338529250843, "1.5585244804918084": 0.7284919776527811, "1.5707963267948934": 0.8959314754464377, "1.5830681730979785": 0.8630562182800757, "1.5953400194010636": 0.8640592031666262, "1.6076118657041487": 0.8391008536830078, "1.6198837120072338": 0.8097441941673879, "1.6321555583103189": 0.764126005068802, "1.644427404613404": 0.6299338669693022, "1.656699250916489": 0.6043337519870309, "1.6689710972195742": 0.7096629224235655, "1.6812429435226592": 1.299131047581213, "1.6935147898257443": 0.7928516809598343, "1.7057866361288294": 0.6637405249650437, "1.7180584824319145": 0.514677452155858, "1.7303303287349996": 0.9007985629880638, "1.7426021750380847": 0.5351172038508606, "1.7548740213411698": 1.1200399572441828, "1.7671458676442549": 1.2949489046743528, "1.77941771394734": 1.486654452809678, "1.791689560250425": 1.6439863034401747, "1.8039614065535101": 1.0689852389088734, "1.8162332528565952": 1.5023305735255756, "1.8285050991596803": 1.2678073600793163, "1.8407769454627654": 1.2719171154303663, "1.8530487917658505": 0.9281249647097384, "1.8653206380689356": 1.6464618439538652, "1.8775924843720206": 0.5585630894037215, "1.8898643306751057": 0.5596405864616948, "1.9021361769781908": 0.5894770046529342, "1.914408023281276": 0.5929672392847429, "1.926679869584361": 0.598935120387791, "1.938951715887446": 0.6162029929514798, "1.9512235621905312": 1.7340493021323917, "1.9634954084936163": 0.9468812283510607, "1.9757672547967013": 1.9070410204830788, "1.9880391010997864": 0.8152004542614943, "2.0003109474028715": 1.1046084086554022, "2.0125827937059566": 0.8111115506481192, "2.0248546400090417": 0.9475372546660498, "2.037126486312127": 0.926397793706684, "2.049398332615212": 1.2016764901079968, "2.061670178918297": 0.7560568049316484, "2.073942025221382": 0.8253087531846706, "2.086213871524467": 1.5237098582485966, "2.098485717827552": 0.8424612022473821, "2.1107575641306373": 0.5702576634942147, "2.1230294104337224": 0.6902882408711316, "2.1353012567368075": 1.1526069785329291, "2.1475731030398926": 0.6624472025280465, "2.1598449493429777": 0.7118088431139624, "2.184388641949148": 0.5566448826982706, "2.208932334555318": 1.05561386851433, "2.221204180858403": 0.7838296160237804, "2.233476027161488": 0.7179134835131901, "2.2457478734645733": 1.2997224876448763, "2.2580197197676584": 0.7779496684927875, "2.2702915660707434": 1.1204244850697902, "2.2825634123738285": 0.8231831389001091, "2.3071071049799987": 1.3269217662039012, "2.319378951283084": 0.7197542764184541, "2.331650797586169": 0.7411640351355937, "2.343922643889254": 0.7185886514511939, "2.356194490192339": 0.8234982411773456, "2.3807381827985092": 1.0404882913909324, "2.3930100291015943": 0.9090695636741863, "2.4052818754046794": 1.1970563743624574, "2.4175537217077645": 1.9697691973949019, "2.4420974143139347": 1.2038960666034808, "2.4543692606170198": 0.8575153118281332, "2.47891295322319": 1.0550162227282243, "2.491184799526275": 0.755893209229626, "2.50345664582936": 0.823477678584284, "2.515728492132445": 1.0515005022584256, "2.5280003384355303": 0.8030494190796633, "2.5402721847386154": 0.7173188732317817,