{"0": 0.6038329182546152, "0.01227184630308513": 0.605981637898155, "0.02454369260617026": 0.6087849621993411, "0.03681553890925539": 0.612562395323322, "0.04908738521234052": 0.618050545064427, "0.06135923151542565": 0.6312888281503263, "0.07363107781851078": 0.8348613775538944, "0.09817477042468103": 0.702985968380687, "0.11044661672776616": 0.6760232122366515, "0.1227184630308513": 0.9492740214569523, "0.1349903093339364": 0.7660250478697193, "0.14726215563702155": 0.8804973481185219, "0.1595340019401067": 0.7329372920008002, "0.17180584824319184": 1.9185501048233558, "0.18407769454627698": 0.8618279039120578, "0.19634954084936213": 0.802347548151876, "0.20862138715244727": 0.8063746236176078, "0.23316507975861755": 1.8089872677285983, "0.25770877236478784": 0.9431612892168673, "0.269980618667873": 0.9951000526191569, "0.28225246497095813": 0.8918256004948463, "0.3067961575771284": 1.4542944494577887, "0.31906800388021356": 1.0507417771062002, "0.355883542789469": 1.1294684148802288, "0.36815538909255413": 1.9814854663303412, "0.3804272353956393": 1.0595615652603987, "0.40497092800180956": 0.9041175491284008, "0.4172427743048947": 0.797446791430448, "0.42951462060797985": 0.866533967740653, "0.441786466911065": 0.8487082057468028, "0.45405831321415013": 1.333077108479429, "0.4663301595172353": 1.0383680902958736, "0.4786020058203204": 1.2824533003457772, "0.49087385212340556": 1.0118407440829615, "0.5031456984264907": 0.5718720655940152, "0.5154175447295758": 0.5934241825922096, "0.5276893910326609": 0.8416079668560119, "0.539961237335746": 0.7502459505688777, "0.5522330836388311": 1.0672195219313012, "0.5645049299419161": 0.9640806494100503, "0.5767767762450012": 0.8069163163295123, "0.5890486225480863": 1.226653763259479, "0.6013204688511714": 0.595511962238115, "0.6135923151542565": 1.4159562003855148, "0.6258641614573416": 1.3006622596458346, "0.6381360077604267": 0.9025793472531135, "0.6504078540635118": 0.7143208848637479, "0.6626797003665968": 1.0023728823270996, "0.6749515466696819": 0.8258043655499556, "0.687223392972767": 0.6712817632094055, "0.6994952392758521": 0.9581777043053327, "0.7117670855789372": 0.9687589815613311, "0.7240389318820223": 0.8919969690447709, "0.7363107781851074": 0.801753876757656, "0.7485826244881925": 0.865244865009506, "0.7608544707912775": 0.6705160801161281, "0.7731263170943626": 0.6249644528926728, "0.7853981633974477": 0.5965901603286831, "0.7976700097005328": 0.5713184685983166, "0.8099418560036179": 0.5527647417447376, "0.822213702306703": 1.0142374846047701, "0.8344855486097881": 0.7361271337451638, "0.8467573949128732": 0.7045029305576367, "0.8590292412159583": 0.8265968113218719, "0.8713010875190433": 0.9819393095309367, "0.8835729338221284": 0.8611026855925108, "0.8958447801252135": 0.831502234837322, "0.9081166264282986": 0.8561880531484637, "0.9203884727313837": 1.1604225271181277, "0.9326603190344688": 0.9054329864092877, "0.9449321653375539": 0.6477744147386698, "0.957204011640639": 1.1542183666778063, "0.969475857943724": 1.1074888725178311, "0.9817477042468091": 0.5140318822824841, "0.9940195505498942": 0.5127432733552174, "1.0062913968529794": 0.9205685384304988, "1.0185632431560645": 0.8808008325518683, "1.0308350894591496": 0.6376741498546777, "1.0431069357622347": 0.6566774289444848, "1.0553787820653198": 0.77438010305386, "1.0676506283684049": 0.8283109594320559, "1.07992247467149": 0.8795050734948133, "1.092194320974575": 0.6842610579627314, "1.1044661672776601": 0.6050363424145585, "1.1167380135807452": 0.6022231625643082, "1.1290098598838303": 0.7877240040530197, "1.1412817061869154": 0.8514553755917589, "1.1535535524900005": 0.8632971778308137, "1.1658253987930856": 0.8508358721771782, "1.1780972450961706": 0.8347155885589529, "1.2026409377023408": 1.1132365918116063, "1.214912784005426": 1.6397743943114411, "1.227184630308511": 1.1831281163861438, "1.239456476611596": 0.9953058351185826, "1.2517283229146812": 0.9766655129878248, "1.2762720155208513": 0.9797476837628768, "1.3008157081270215": 1.2428095674835695, "1.3130875544301066": 1.4353569659879333, "1.3253594007331917": 1.06626936042923, "1.3376312470362768": 0.9923098144818928, "1.3499030933393619": 1.4608833720675636, "1.362174939642447": 0.9914770040470475, "1.374446785945532": 1.7016066690997829, "1.4235341711578724": 1.0215438647317756, "1.4358060174609575": 1.0204718788221538, "1.4726215563702127": 1.007320753147221, "1.4848934026732978": 1.0040601668428326, "1.497165248976383": 0.860261472192019, "1.509437095279468": 0.8599476516085462, "1.521708941582553": 0.8495861546895019, "1.5339807878856382": 0.8492572827108331, "1.5585244804918084": 0.573172845233531, "1.5707963267948934": 0.5579028744420113, "1.5830681730979785": 0.8415700428500599, "1.5953400194010636": 0.8608218035809101, "1.6076118657041487": 1.508016106435177, "1.6198837120072338": 0.8225299414769782, "1.6321555583103189": 0.7798848232907961, "1.644427404613404": 0.6648800288919927, "1.656699250916489": 0.6328556632013929, "1.6689710972195742": 0.6651439670248197, "1.6812429435226592": 0.4313581060787977, "1.6935147898257443": 0.9725205221066042, "1.7303303287349996": 0.5380350865178719, "1.7426021750380847": 0.6527957455113056, "1.7548740213411698": 1.1374834077281821, "1.7671458676442549": 1.2459232046407174, "1.77941771394734": 1.096009203147187, "1.791689560250425": 1.0318996362784114, "1.8039614065535101": 1.584620610018412, "1.8285050991596803": 1.207608625493343, "1.8407769454627654": 1.075952194282447, "1.8530487917658505": 1.0728581714806826, "1.8653206380689356": 1.295277220238781, "1.8775924843720206": 0.5605653138087503, "1.8898643306751057": 0.5613754863631446, "1.9021361769781908": 0.5878328099399791, "1.914408023281276": 0.5883474493404176, "1.926679869584361": 0.5942510009068755, "1.938951715887446": 0.6103915488773219, "1.9634954084936163": 0.7110526160973497, "1.9757672547967013": 0.7370577839797462, "1.9880391010997864": 0.8254150268070483, "2.0003109474028715": 0.9261416743828316, "2.0248546400090417": 1.0330978271542872, "2.037126486312127": 0.9863025177303032, "2.049398332615212": 1.4554258501742008, "2.061670178918297": 0.7281888422844132, "2.073942025221382": 0.5992108707424026, "2.086213871524467": 1.4497043428008445, "2.098485717827552": 1.2752011766818077, "2.1107575641306373": 1.2818842561603518, "2.1230294104337224": 0.9584985290769824, "2.1353012567368075": 1.1699171969059539, "2.1475731030398926": 0.873226397809506, "2.1598449493429777": 0.6063082014235629, "2.1721167956460627": 1.237449912237691, "2.184388641949148": 0.5932628807161071, "2.196660488252233": 1.0330386563834806, "2.208932334555318": 0.9505371761975259, "2.221204180858403": 0.8093475849286411, "2.233476027161488": 1.5917235046547675, "2.2457478734645733": 0.5811441446924593, "2.2580197197676584": 0.8136050614115635, "2.2702915660707434": 0.8794861856089855, "2.2825634123738285": 0.8196610777862754, "2.2948352586769136": 1.160055715508241, "2.3071071049799987": 0.9865744590297801, "2.319378951283084": 0.5624172633349421, "2.356194490192339": 0.8252591723654463, "2.368466336495424": 0.9749026668971075, "2.3807381827985092": 0.9616719371586179, "2.4052818754046794": 1.2492935841690949, "2.4175537217077645": 1.0453850433450027, "2.4298255680108496": 0.8715920964360673, "2.4420974143139347": 1.1280536525443998, "2.4543692606170198": 0.8388378576922216, "2.466641106920105": 0.8362159573991089, "2.50345664582936": 0.786350050099651, "2.515728492132445": 0.8914390951316498, "2.5280003384355303": 0.7858918691613915, "2.5402721847386154": 0.7693620423168045, "2.5525440310417005": 0.7116976668404587, "2.5648158773447856": 0.7377238008282333, "2.5770877236478706": 0.6956587981399244, "2.5893595699509557": 0.6409256349444291, "2.613903262557126": 0.6615560452337463, "2.626175108860211": 0.8080163098366612, "2.638446955163296": 0.6275265498238051, "2.650718801466381": 0.613523651055572, "2.6629906477694663": 0.6083903768034715, "2.6752624940725513": 0.6049312678154204,