{"0": 0.6053995619406475, "0.01227184630308513": 0.6079075088708972, "0.02454369260617026": 0.6112508221988003, "0.03681553890925539": 0.615951202383577, "0.04908738521234052": 0.6263538669296637, "0.07363107781851078": 0.7737629090540009, "0.0859029241215959": 0.6652226180359847, "0.09817477042468103": 0.6643623511852381, "0.11044661672776616": 0.6841440681837332, "0.1227184630308513": 0.7105974134226694, "0.1349903093339364": 1.2028460284466815, "0.14726215563702155": 0.748008202141224, "0.1595340019401067": 0.866353137765398, "0.17180584824319184": 0.8593442563185065, "0.18407769454627698": 0.7756409475911563, "0.19634954084936213": 0.7841983217890844, "0.20862138715244727": 0.8018624305062296, "0.2208932334555324": 0.8167591871354419, "0.23316507975861755": 1.0458992750521932, "0.2454369260617027": 0.8450392929849189, "0.25770877236478784": 0.9113176548215207, "0.269980618667873": 0.9790970022142969, "0.28225246497095813": 0.8927049278137111, "0.29452431127404327": 1.136282995304028, "0.3067961575771284": 1.1395520756466047, "0.31906800388021356": 0.9421864805535594, "0.34361169648638384": 0.9769261718281862, "0.355883542789469": 1.067052394241482, "0.36815538909255413": 1.0117258152381383, "0.3804272353956393": 1.0645180817308497, "0.3926990816987244": 0.8345110498583399, "0.40497092800180956": 0.8571686357987829, "0.42951462060797985": 0.4689035949934122, "0.441786466911065": 0.5237724406783536, "0.45405831321415013": 1.2290677900146592, "0.4663301595172353": 1.0268811161761635, "0.4786020058203204": 1.7308737212852292, "0.49087385212340556": 1.0588420437081671, "0.5031456984264907": 0.5640909910838318, "0.5154175447295758": 0.5966587247840704, "0.539961237335746": 1.2390690872061105, "0.5522330836388311": 0.8745305334024059, "0.5645049299419161": 1.0345206409413248, "0.5767767762450012": 0.8612476512345291, "0.5890486225480863": 0.9917672292640242, "0.6013204688511714": 0.6125946443265111, "0.6135923151542565": 0.770410244102424, "0.6258641614573416": 1.0762068101236641, "0.6381360077604267": 0.832559196472035, "0.6504078540635118": 0.852262351653677, "0.6626797003665968": 1.4286016541467939, "0.6749515466696819": 1.245000897929635, "0.6994952392758521": 0.9724516538327787, "0.7240389318820223": 0.962836002963605, "0.7363107781851074": 0.7999112473889451, "0.7485826244881925": 0.7960091190411901, "0.7608544707912775": 1.1534009224906676, "0.7731263170943626": 0.618622624535448, "0.7853981633974477": 0.5955604127777075, "0.7976700097005328": 0.571664647277084, "0.8099418560036179": 0.5528774794137317, "0.822213702306703": 0.9804001163934122, "0.8344855486097881": 0.7775547147246389, "0.8467573949128732": 0.5047106697185596, "0.8590292412159583": 0.713163440140055, "0.8713010875190433": 0.8816120491847107, "0.8835729338221284": 0.8641452189545158, "0.8958447801252135": 0.8224298967133743, "0.9081166264282986": 0.8531275085425328, "0.9203884727313837": 0.9157537030807341, "0.9326603190344688": 0.8181860554707467, "0.9449321653375539": 0.8450647295945323, "0.957204011640639": 1.038991129830037, "0.969475857943724": 1.216600020612481, "0.9817477042468091": 0.5131007861823458, "0.9940195505498942": 0.522512720256609, "1.0062913968529794": 0.596855151163731, "1.0185632431560645": 0.8872833156045057, "1.0308350894591496": 0.6346391594008641, "1.0431069357622347": 0.65713017601899, "1.0553787820653198": 0.7733000523378312, "1.0676506283684049": 0.8233633758937557, "1.07992247467149": 0.8224030256042678, "1.092194320974575": 0.6772910935141521, "1.1044661672776601": 1.642825549540103, "1.1167380135807452": 0.8509606907901023, "1.1290098598838303": 0.7838855033178008, "1.1412817061869154": 0.8558527456466976, "1.1535535524900005": 0.8683877315829823, "1.1658253987930856": 0.8560086372193364, "1.1780972450961706": 0.8407743814535784, "1.2026409377023408": 1.1702198415623934, "1.3008157081270215": 1.4612018242197728, "1.3130875544301066": 1.193931712736509, "1.3499030933393619": 1.287184836329696, "1.362174939642447": 0.9803866792560898, "1.3867186322486171": 1.015305246669041, "1.3989904785517022": 1.0601357800544355, "1.4112623248547873": 1.4184819791757293, "1.4235341711578724": 1.329647148811661, "1.4726215563702127": 1.0389607391942763, "1.4848934026732978": 0.8518077842002454, "1.497165248976383": 0.868081814804039, "1.521708941582553": 0.8405265230167852, "1.5339807878856382": 0.800366743727283, "1.5462526341887233": 0.6402942840969591, "1.5585244804918084": 0.7467038236310817, "1.5707963267948934": 0.9062896221805598, "1.5830681730979785": 0.8578358270933487, "1.5953400194010636": 0.8546290240466824, "1.6076118657041487": 0.8371330967546589, "1.6198837120072338": 0.8037770625863309, "1.6321555583103189": 0.7457315139917807, "1.644427404613404": 0.6410353578601847, "1.656699250916489": 0.6062069727561405, "1.6689710972195742": 0.7703134301392324, "1.6812429435226592": 1.378453764775717, "1.6935147898257443": 0.6548236202342965, "1.7057866361288294": 0.6638576916344697, "1.7180584824319145": 0.5112121000329096, "1.7303303287349996": 0.5465827975996813, "1.7426021750380847": 0.540867925423226, "1.7548740213411698": 1.1099875891975186, "1.7671458676442549": 1.1335461019425994, "1.77941771394734": 1.1186247387957755, "1.791689560250425": 1.4887219117945178, "1.8039614065535101": 1.3298998659715109, "1.8162332528565952": 1.0134457874528418, "1.8285050991596803": 1.3037474366533688, "1.8407769454627654": 1.0305833489517808, "1.8530487917658505": 1.0189118410509657, "1.8653206380689356": 1.0363776090945471, "1.8775924843720206": 0.5597337080284946, "1.8898643306751057": 0.8609899552952884, "1.9021361769781908": 0.5860836708139575, "1.914408023281276": 0.5897192264215747, "1.926679869584361": 0.5970923029805817, "1.938951715887446": 0.6210696684131184, "1.9512235621905312": 0.6500672446683962, "1.9634954084936163": 0.7787647181633337, "1.9757672547967013": 0.753284844314001, "1.9880391010997864": 1.0029475220535968, "2.0003109474028715": 0.9431117651040334, "2.0125827937059566": 0.9260829075793511, "2.0248546400090417": 1.2600901578888941, "2.037126486312127": 1.0277332488122526, "2.049398332615212": 1.3154864060273372, "2.061670178918297": 0.891426035863966, "2.073942025221382": 0.41446372408631577, "2.086213871524467": 1.1769621442175238, "2.098485717827552": 1.0488007799221075, "2.1107575641306373": 0.5710566246857838, "2.1230294104337224": 0.8194909386827752, "2.1353012567368075": 0.9378420189067873, "2.1475731030398926": 0.7294984914955321, "2.1598449493429777": 1.2959236193886894, "2.1721167956460627": 0.8388205728947095, "2.184388641949148": 0.5578748494870136, "2.196660488252233": 0.46891606165543726, "2.208932334555318": 1.025169165636425, "2.221204180858403": 0.7915357198053431, "2.233476027161488": 0.8458429874965668, "2.2457478734645733": 0.8274520400760704, "2.2580197197676584": 1.810700852322225, "2.2702915660707434": 1.0788850521641107, "2.2825634123738285": 0.8203697804617213, "2.2948352586769136": 1.1934123124693297, "2.3071071049799987": 1.0326173844757265, "2.319378951283084": 0.7957056172115545, "2.331650797586169": 0.7487827779488208, "2.343922643889254": 0.6761555688589349, "2.356194490192339": 0.8193423474349034, "2.368466336495424": 0.9346102586314967, "2.3930100291015943": 1.0332952813542244, "2.4052818754046794": 0.9442559227102669, "2.4298255680108496": 1.0093927533467022, "2.466641106920105": 1.003448595395918, "2.47891295322319": 1.1318676394553853, "2.491184799526275": 0.8974375347984538, "2.50345664582936": 0.779036918687197, "2.515728492132445": 0.7943427385687029, "2.5280003384355303": 1.2560291405557, "2.5402721847386154": 0.7324887722817407, "2.5525440310417005": 1.1143454099697727, "2.5648158773447856": 0.7084542644780862, "2.5770877236478706": 0.6885251413513925, "2.5893595699509557": 0.6558621134716589, "2.613903262557126": 0.7767793338902219, "2.626175108860211": 0.7991820566594904, "2.638446955163296": 0.6263630976754695, "2.650718801466381": 0.6130865044048692, "2.6629906477694663": 0.6081562657290521,