{"0": 0.8917299068046588, "0.01227184630308513": 0.8436070695664704, "0.02454369260617026": 0.8602544545558033, "0.03681553890925539": 0.8180838670574847, "0.04908738521234052": 1.1566098584337139, "0.06135923151542565": 0.8251063226426926, "0.07363107781851078": 0.9439603994046305, "0.0859029241215959": 1.156965973689673, "0.09817477042468103": 1.0033784856417947, "0.11044661672776616": 1.1840331163218514, "0.1227184630308513": 1.1864688746544003, "0.1349903093339364": 0.8920759670928017, "0.14726215563702155": 1.0882924111541492, "0.17180584824319184": 1.1847792889466207, "0.18407769454627698": 1.0811416382844026, "0.19634954084936213": 1.59272625503048, "0.23316507975861755": 1.066796029682572, "0.2454369260617027": 1.0221380155260862, "0.25770877236478784": 0.8653703134348983, "0.269980618667873": 0.7867683939291206, "0.28225246497095813": 0.8349430768061697, "0.29452431127404327": 0.6269091936989806, "0.3067961575771284": 0.47763135226700076, "0.31906800388021356": 0.5127791858840676, "0.3313398501832987": 1.4341569712313926, "0.34361169648638384": 1.924579397707721, "0.355883542789469": 0.8368647432147387, "0.36815538909255413": 0.6666415272714425, "0.3804272353956393": 1.8928608902852346, "0.3926990816987244": 0.9605884685513453, "0.40497092800180956": 1.5319929483919406, "0.4172427743048947": 0.5795100361126887, "0.42951462060797985": 0.6194043915056879, "0.441786466911065": 0.7443526732348977, "0.45405831321415013": 0.7966458804522621, "0.4663301595172353": 0.884868432795144, "0.49087385212340556": 0.8438001258397647, "0.5031456984264907": 0.7755050986378736, "0.5154175447295758": 1.0140562164582259, "0.5276893910326609": 0.608095565752489, "0.539961237335746": 0.9970974717679766, "0.5522330836388311": 0.7143148799888497, "0.5645049299419161": 0.993735267440043, "0.5890486225480863": 0.6859262424584481, "0.6013204688511714": 0.5919408820999812, "0.6135923151542565": 0.8571304634811997, "0.6258641614573416": 1.0953522700753795, "0.6381360077604267": 0.7311855576272179, "0.687223392972767": 0.8387371560035809, "0.6994952392758521": 1.0314486929982942, "0.7117670855789372": 0.7196679811558282, "0.7240389318820223": 0.6447402932063505, "0.7363107781851074": 0.5992591018539413, "0.7485826244881925": 0.5774636038828569, "0.7608544707912775": 0.5766482645195018, "0.7731263170943626": 0.5575030584435196, "0.7853981633974477": 0.968595646257839, "0.7976700097005328": 0.7819725037965661, "0.8099418560036179": 0.7209652416759994, "0.822213702306703": 0.6574890725929033, "0.8344855486097881": 1.420380949670237, "0.8467573949128732": 0.8240794222118842, "0.8590292412159583": 1.8553151753385608, "0.8713010875190433": 0.8415869982672735, "0.8835729338221284": 0.8051028949674147, "0.8958447801252135": 0.8466012360842464, "0.9081166264282986": 0.9733448896961656, "0.9203884727313837": 0.7187097528289139, "0.9449321653375539": 1.1358424518667305, "0.957204011640639": 1.117779393251801, "0.969475857943724": 0.5112635911946044, "0.9817477042468091": 0.5091599913567344, "0.9940195505498942": 1.0579721855740918, "1.0062913968529794": 1.173118122563019, "1.0185632431560645": 1.682210413929763, "1.0308350894591496": 0.6033937122189087, "1.0431069357622347": 0.642301191595669, "1.0553787820653198": 1.6630662486814376, "1.0676506283684049": 0.7953918041918837, "1.07992247467149": 0.8242074506139653, "1.092194320974575": 0.8412751884966846, "1.1044661672776601": 0.8362551958183875, "1.1167380135807452": 0.8725718643720614, "1.1290098598838303": 0.8841759777179661, "1.1412817061869154": 0.792265145245565, "1.1535535524900005": 0.7940858631897612, "1.1658253987930856": 0.8273557799391026, "1.1780972450961706": 0.7230103176623505, "1.1903690913992557": 0.6414854409782421, "1.2026409377023408": 0.7918505117263519, "1.214912784005426": 0.6249187870483542, "1.227184630308511": 0.6658610204608025, "1.239456476611596": 0.683265219195026, "1.2517283229146812": 0.684954147322307, "1.2640001692177663": 0.6701150457605106, "1.2762720155208513": 0.6287767332817965, "1.2885438618239364": 0.5759664964342254, "1.3008157081270215": 0.5932695168830656, "1.3130875544301066": 0.709056391221952, "1.3253594007331917": 0.7798512994591434, "1.3376312470362768": 0.5883590721421906, "1.3499030933393619": 0.9081703854529694, "1.362174939642447": 0.8832218221298845, "1.374446785945532": 0.8672220092376987, "1.3867186322486171": 0.8641853973170402, "1.3989904785517022": 0.7906462673233037, "1.4112623248547873": 0.8311997600921127, "1.4235341711578724": 0.8303723563728379, "1.4358060174609575": 0.8007760067243272, "1.4480778637640426": 0.7693181190263494, "1.4603497100671277": 0.7027831485200573, "1.4726215563702127": 0.6196218231219851, "1.4848934026732978": 0.62571805814388, "1.497165248976383": 0.6900377082757823, "1.509437095279468": 0.5545278205509608, "1.521708941582553": 0.6288886984361869, "1.5339807878856382": 0.8399254743834468, "1.5462526341887233": 0.5203937920194512, "1.5585244804918084": 0.543271042393229, "1.5707963267948934": 0.5398116402131471, "1.5830681730979785": 1.1981917085982965, "1.5953400194010636": 1.3364375715457555, "1.6076118657041487": 1.0830704009682102, "1.6198837120072338": 0.9883732719472755, "1.6321555583103189": 1.0208757780540254, "1.656699250916489": 0.8495899396150742, "1.6689710972195742": 0.8465303900794436, "1.6812429435226592": 0.834752307239806, "1.6935147898257443": 0.940593794660457, "1.7180584824319145": 0.9445987212282099, "1.7303303287349996": 0.9557841209647738, "1.7426021750380847": 1.1514983232733131, "1.7548740213411698": 1.044030939104639, "1.7671458676442549": 1.5836219910774196, "1.77941771394734": 0.5751361621454166, "1.791689560250425": 0.5719893234950381, "1.8039614065535101": 0.5765216242234875, "1.8162332528565952": 0.6009233016685228, "1.8285050991596803": 0.6097817396048498, "1.8407769454627654": 0.6962592382616383, "1.8530487917658505": 0.6922138654510681, "1.8653206380689356": 0.8704692472189728, "1.8775924843720206": 0.7963200392677, "1.8898643306751057": 0.884423045546881, "1.9021361769781908": 1.0037093090269513, "1.914408023281276": 0.8584157929213191, "1.926679869584361": 0.9344102599195291, "1.938951715887446": 0.9810216899432369, "1.9512235621905312": 1.0385302382697337, "1.9634954084936163": 1.0733874594464705, "1.9757672547967013": 0.8665728925733202, "1.9880391010997864": 0.8130901734870537, "2.0003109474028715": 0.6112883025816386, "2.0125827937059566": 1.4994749904092044, "2.0248546400090417": 1.7172123411113176, "2.037126486312127": 1.0287220465579248, "2.049398332615212": 0.5823274689359503, "2.061670178918297": 0.9380098968039183, "2.073942025221382": 0.9324978784857401, "2.086213871524467": 0.7852968320353184, "2.098485717827552": 0.7392820089833928, "2.1107575641306373": 1.1214688364538754, "2.1230294104337224": 0.8318790232056925, "2.1353012567368075": 0.8940518491707541, "2.1475731030398926": 0.6869541467323355, "2.1721167956460627": 0.8352965196787694, "2.184388641949148": 0.6943609996413417, "2.196660488252233": 1.0890036240847414, "2.208932334555318": 0.8263242971783881, "2.221204180858403": 0.935258647196302, "2.233476027161488": 0.9270486323585974, "2.2457478734645733": 1.6416206466426924, "2.2580197197676584": 0.9707394404207056, "2.2702915660707434": 1.0257402449410395, "2.2825634123738285": 0.8278669894208397, "2.2948352586769136": 0.6426640638349439, "2.319378951283084": 0.8267834542952052, "2.331650797586169": 1.1738802894584153, "2.343922643889254": 1.037846239110713, "2.356194490192339": 1.2243586987594022, "2.368466336495424": 0.9226255902002085, "2.3807381827985092": 0.911397459301315, "2.3930100291015943": 0.9447313561431393, "2.4052818754046794": 1.1939429199906086, "2.4175537217077645": 0.86151404696818, "2.4298255680108496": 0.822089805034864, "2.4420974143139347": 0.8159793247850616, "2.4543692606170198": 0.7850981292216833, "2.466641106920105": 0.7859777340073877, "2.47891295322319": 0.9145688542228724, "2.491184799526275": 0.7738861669935688, "2.50345664582936": 0.8257042054663398,