{"0": 0.603948978865318, "0.01227184630308513": 0.6061348653511568, "0.02454369260617026": 0.6089563510266454, "0.03681553890925539": 0.6127945595286965, "0.04908738521234052": 0.6183948322812002, "0.06135923151542565": 0.6320604579506968, "0.07363107781851078": 0.8426133019135893, "0.0859029241215959": 0.6363018484290321, "0.09817477042468103": 0.7030304090666425, "0.11044661672776616": 0.6542532539945404, "0.1227184630308513": 0.6985501314204657, "0.1349903093339364": 0.7218931204999781, "0.14726215563702155": 0.918861742944277, "0.1595340019401067": 0.7377912952156264, "0.17180584824319184": 0.9349977141887011, "0.18407769454627698": 0.9058337917344316, "0.20862138715244727": 0.8228871922875329, "0.2208932334555324": 0.997670479383729, "0.23316507975861755": 1.149152353755389, "0.2454369260617027": 0.8455479751540839, "0.25770877236478784": 0.8955759115042258, "0.269980618667873": 0.9333912571689006, "0.28225246497095813": 0.890142186444816, "0.29452431127404327": 1.1805360069930801, "0.3067961575771284": 1.4982034946323908, "0.31906800388021356": 0.9870038490688275, "0.34361169648638384": 1.1042012461619866, "0.355883542789469": 1.4874849613987768, "0.36815538909255413": 1.369609304187886, "0.3804272353956393": 1.254881847292777, "0.40497092800180956": 0.8933008531638714, "0.4172427743048947": 0.7913480572130864, "0.42951462060797985": 0.6591971277691633, "0.441786466911065": 0.5417048148888485, "0.4663301595172353": 1.1043375325000615, "0.4786020058203204": 1.342702710103844, "0.49087385212340556": 1.0108480729883658, "0.5031456984264907": 0.5721785466105443, "0.5154175447295758": 0.5936585229267399, "0.5276893910326609": 0.8674447526560836, "0.539961237335746": 0.8015108065600818, "0.5522330836388311": 0.8818465999341312, "0.5645049299419161": 0.9735550763210812, "0.5890486225480863": 1.2379629369005134, "0.6013204688511714": 0.5968944369593583, "0.6135923151542565": 1.1790444750267204, "0.6258641614573416": 1.2848884092536759, "0.6381360077604267": 1.382873356400705, "0.6504078540635118": 0.6923856964515231, "0.6749515466696819": 0.8250723315278269, "0.687223392972767": 0.8737563559723857, "0.6994952392758521": 0.9416594394799561, "0.7117670855789372": 0.906577402006545, "0.7240389318820223": 0.8680630180184444, "0.7485826244881925": 0.8320264881909883, "0.7608544707912775": 0.6668351339559255, "0.7731263170943626": 0.6244679838987574, "0.7853981633974477": 0.5965161072701176, "0.7976700097005328": 0.5713264019967522, "0.8099418560036179": 0.5514613729287137, "0.822213702306703": 1.0433972356024657, "0.8344855486097881": 0.7375294792835616, "0.8467573949128732": 0.901985002285197, "0.8590292412159583": 0.7445779343716877, "0.8713010875190433": 0.9717165537811806, "0.8835729338221284": 0.8609970292216952, "0.8958447801252135": 0.8300617620672658, "0.9081166264282986": 0.8558671456502785, "0.9203884727313837": 1.1883776231660972, "0.9326603190344688": 0.7733183918130696, "0.9449321653375539": 0.6738359741809758, "0.969475857943724": 1.0894211726650436, "0.9817477042468091": 0.5139597108918258, "0.9940195505498942": 0.5134264529197756, "1.0062913968529794": 0.7475804434342188, "1.0185632431560645": 0.880425775078253, "1.0308350894591496": 0.6375282430878171, "1.0431069357622347": 0.6567686479022705, "1.0553787820653198": 0.7742156334532287, "1.0676506283684049": 0.8282031097743326, "1.07992247467149": 0.880117340943537, "1.092194320974575": 0.683196551892921, "1.1044661672776601": 0.869397411906242, "1.1167380135807452": 0.5986268564675046, "1.1290098598838303": 0.7881400938439352, "1.1412817061869154": 0.8521710058166397, "1.1535535524900005": 0.8638133536855236, "1.1658253987930856": 0.8513242893640361, "1.1780972450961706": 0.8351833391577664, "1.2885438618239364": 0.9993396494516831, "1.3008157081270215": 1.1838014020641066, "1.3130875544301066": 1.4830577102925069, "1.3376312470362768": 0.9888751989693416, "1.3499030933393619": 1.534205528311848, "1.374446785945532": 1.6947184368666952, "1.3867186322486171": 0.9827883070656696, "1.3989904785517022": 1.1871448063785317, "1.4235341711578724": 1.028611024388451, "1.4358060174609575": 0.9896969527536292, "1.4480778637640426": 1.0102662803802207, "1.4603497100671277": 1.0165501716585321, "1.4726215563702127": 1.0017909286165185, "1.4848934026732978": 1.0088412149891242, "1.497165248976383": 0.861609164191983, "1.509437095279468": 0.8615600300664131, "1.521708941582553": 0.851642884949373, "1.5339807878856382": 0.8483069374336996, "1.5585244804918084": 0.5814947654816212, "1.5707963267948934": 0.7055421596351513, "1.5830681730979785": 0.8578655838343974, "1.5953400194010636": 0.861270632433065, "1.6076118657041487": 1.5078359520998819, "1.6198837120072338": 0.8211592697937391, "1.6321555583103189": 0.778153786827315, "1.644427404613404": 0.6753601941606265, "1.656699250916489": 0.63337748521432, "1.6689710972195742": 0.6366579691413566, "1.6812429435226592": 0.4314798547546411, "1.6935147898257443": 1.143257744818986, "1.7057866361288294": 0.7413442211913385, "1.7180584824319145": 0.5245761559142191, "1.7303303287349996": 0.5387036193453513, "1.7426021750380847": 0.6470104401058041, "1.7548740213411698": 1.2560642176273484, "1.7671458676442549": 1.1785430166781263, "1.77941771394734": 1.2688128614642993, "1.791689560250425": 1.0380980789854526, "1.8039614065535101": 1.2166099044721768, "1.8162332528565952": 1.1979859725972364, "1.8285050991596803": 1.2254720084847692, "1.8407769454627654": 1.0733627548234506, "1.8530487917658505": 1.0627175410348217, "1.8653206380689356": 1.195689247993738, "1.8775924843720206": 0.5604247794827827, "1.8898643306751057": 0.5615058628339868, "1.9021361769781908": 0.5879272585315293, "1.914408023281276": 0.5884500144895545, "1.926679869584361": 0.5944654406909371, "1.938951715887446": 0.610893884354824, "1.9634954084936163": 0.7461805868223409, "1.9757672547967013": 0.7461465344946027, "1.9880391010997864": 0.876391352096563, "2.0003109474028715": 1.6397369450953614, "2.0125827937059566": 1.0087197921504696, "2.037126486312127": 0.9464730439589978, "2.049398332615212": 1.1110034215346871, "2.061670178918297": 0.6812953817232463, "2.073942025221382": 0.6215790282829895, "2.086213871524467": 1.1819803529634387, "2.098485717827552": 1.3119338980141466, "2.1107575641306373": 1.2284044137841197, "2.1230294104337224": 0.9778900239347991, "2.1353012567368075": 0.8837073526382883, "2.1475731030398926": 0.8670998115352812, "2.1598449493429777": 0.6084803048129515, "2.1721167956460627": 1.4586984277418114, "2.184388641949148": 0.5902884118383531, "2.196660488252233": 1.0355963241031345, "2.208932334555318": 0.9294910606003555, "2.221204180858403": 0.8604335899581799, "2.233476027161488": 0.670136247921538, "2.2457478734645733": 0.5807475690529156, "2.2580197197676584": 0.8279471633725499, "2.2702915660707434": 0.8662058607951605, "2.2825634123738285": 0.8196889794981397, "2.2948352586769136": 1.1627184238055694, "2.3071071049799987": 1.5498456283489876, "2.319378951283084": 0.550084585856016, "2.343922643889254": 0.7916279522158409, "2.356194490192339": 0.8247159418146697, "2.368466336495424": 1.2884610557441136, "2.3807381827985092": 0.9447083388366305, "2.4052818754046794": 1.3851436609618164, "2.4175537217077645": 1.0772914914482816, "2.4298255680108496": 0.8752787629648728, "2.4420974143139347": 1.0730094855589738, "2.4543692606170198": 0.8383381364335576, "2.466641106920105": 0.840951053908404, "2.50345664582936": 0.7819905253571475, "2.515728492132445": 0.8810864500371941, "2.5280003384355303": 0.7970404524055199, "2.5402721847386154": 0.7660080399389613, "2.5525440310417005": 0.7138505354466084, "2.5648158773447856": 0.7277781830893908, "2.5770877236478706": 0.6952582980115893, "2.5893595699509557": 0.6402066236810434, "2.613903262557126": 0.6668970335220967, "2.626175108860211": 0.8074420129596886, "2.638446955163296": 0.6274008247401746, "2.650718801466381": 0.6134776803283966, "2.6629906477694663": 0.6083785515266474, "2.6752624940725513": 0.6049009900924693,