{"0": 0.5957744474489381, "0.39269908169872414": 0.8687797622336147, "0.7853981633974483": 0.5867146397609286, "1.1780972450961724": 0.8367868847756934, "1.5707963267948966": 0.8290918020568117, "1.9634954084936207": 0.7119583125392711, "2.356194490192345": 0.8292788778945539, "2.748893571891069": 0.5849311220690437, "3.141592653589793": 0.597119495682494, "3.5342917352885173": 0.865255229537636, "3.9269908169872414": 0.5890962667250806, "4.319689898685965": 0.8323561064006105, "4.71238898038469": 0.7390512533481324, "5.105088062083414": 0.7936221712630521, "5.497787143782139": 0.8129883421696538, "5.890486225480863": 0.584430657236865, "6.283185307179588": 0.5957744775757985}